fact_one,caseNm,courtNm,judmnAdjuDe,caseNo
부동산 중개업자가 중개를 하지 않았음에도 거래계약서 등을 작성·교부하는 것이 허용되는지 여부부동산 중개업자가 자신의 중개로 전세계약이 체결되지 않았음에도 실제 계약당사자가 아닌 자에게 전세계약서 등을 작성·교부해 줌으로써 이를 담보로 제공받아 금전을 대여한 대부업자가 대여금을 회수하지 못하는 손해를 입은 사안에서 중개업자의 주의의무 위반에 따른 손해배상책임을 인정한 사례,손해배상(기),대법원,2010.5.13.,2009다7886378870
공범관계에 있는 공동피고인에 대하여 검사 이외의 수사기관이 작성한 피의자신문조서의 증거능력공동피고인이 위조된 부동산임대차계약서를 담보로 제공하고 피해자로부터 돈을 빌려 편취할 것을 계획하면서 피고인에게 미리 전화를 하여 임대인 행세를 하여달라고 부탁하였고 피고인은 임대인인 것처럼 행세하여 전세금액 등을 확인한 사안에서 피고인의 행위는 위조사문서행사에 있어서 기능적 행위지배의 공동정범 요건을 갖추었다고 한 사례,사문서위조·위조사문서행사·사기,대법원,2010.1.28.,2009도10139
수 죄의 기본적 사실관계가 동일한지 여부의 판단 기준과실로 교통사고를 발생시켰다는 각 ‘교통사고처리 특례법 위반죄’와 고의로 교통사고를 낸 뒤 보험금을 청구하여 수령하거나 미수에 그쳤다는 ‘사기 및 사기미수죄’는 그 기본적 사실관계가 동일하다고 볼 수 없으므로 위 전자에 관한 확정판결의 기판력이 후자에 미친다고 할 수 없다고 한 사례,살인미수·사기·사기미수,대법원,2010.2.25.,2009도14263
재정신청서 기재요건을 위반한 재정신청을 인용한 공소제기결정의 잘못을 그 본안사건에서 다툴 수 있는지 여부재정신청서에 형사소송법  에 정한 사항의 기재가 없어서 법원으로서는 그 재정신청이 법률상의 방식에 위배된 것으로서 이를 기각하여야 함에도 공소사실에 대한 실체판단에 나아간 제1심판결을 유지한 원심의 조치를 정당하다고 한 사례,사기,대법원,2010.11.11.,2009도224
공인중개사의 업무 및 부동산 거래신고에 관한 법률  에 정한 ‘중개행위’에 해당하는지 여부의 판단 기준 및 ‘중개행위’가 거래의 쌍방 당사자로부터 중개 의뢰를 받은 경우뿐만 아니라 거래의 일방 당사자의 의뢰에 의하여 매매 등 거래행위를 알선·중개하는 경우도 포함하는지 여부한국공인중개사협회의 공제사업에 가입한 부동산 중개회사의 대표이사 갑이 다세대주택의 소유자인 을로부터 건물 관리 및 월세 임대차 계약의 체결 등에 관한 업무를 위임받았을 뿐 전세계약을 체결할 아무런 권한이 없었음에도 임차인 병 등과 채권적 전세계약을 체결하여 그 전세보증금을 편취함으로써 병 등에게 손해를 입힌 사안에서 위 공제사고에서 갑의 행위는 사회통념상 중개에 해당한다고 한 사례한국공인중개사협회의 공제사업에 가입한 부동산 중개회사의 대표이사가 공제계약 갱신 당시 위 협회에 대하여 권한 없이 세입자들과 전세계약을 체결하여 전세금 명목으로 금원을 편취하여 온 사실을 알리지 않은 것이 공제약관에서 공제계약이 무효로 되는 경우로 정한 ‘사기’로 볼 수 없다고 한 사례공제계약을 해지할 수 있는 사유 중 하나로 ‘고의로 공제사고를 유도하여 협회에 손해를 끼치게 한 경우’를 정한 한국공인중개사협회의 공제규정은 고의로 공제사고를 유도하여 협회에 손해를 끼친 경우 협회가 이를 이유로 공제계약을 해지할 수 있되 해지의 효과는 소급하지 않는 것으로 보아야 한다고 한 사례권한 없이 다세대주택에 관한 채권적 전세계약을 체결하여 그 전세보증금을 편취함으로써 임차인들에게 손해를 입힌 부동산 중개회사의 대표이사가 한국공인중개사협회와 공제계약을 체결할 당시 적용되던 공제약관에서 “협회가 보상하는 금액은 공제가입금액을 한도로 한다.”고 규정한 의미는 부동산 중개행위로 인하여 발생한 ‘공제사고 1건당 보상한도’를 정한 것으로 해석될 뿐 1인의 공제사업자에 관하여 ‘공제기간 동안 발생한 모든 공제사고에 대한 총 보상한도’를 규정한 것이라고 볼 수 없다고 한 사례한국공인중개사협회의 공제사업에 가입한 부동산 중개회사의 대표이사가 권한 없이 다세대주택에 관한 채권적 전세계약을 중개하여 그 전세보증금을 편취함으로써 손해를 입게 된 임차인들의 공제금 청구권은 다세대주택의 소유자로부터 건물인도 등의 청구를 받은 때로부터 소멸시효가 진행한다고 한 사례,공제금,서울고법,2010.10.20.,2010나44837
중개업자가 장래 공제사고를 일으킬 의도로 한국공인중개사협회와 공제계약을 체결하고 나아가 실제로 공제사고를 일으켰다 하더라도 그러한 사정만으로 공제계약의 성립요건인 우연성이 결여되었다고 보거나 공제계약을 무효로 볼 수 있는지 여부한국공인중개사협회가 공제가입자인 중개업자의 사기를 이유로 하는 공제계약 취소 또는 무효로써 거래당사자에게 대항할 수 있는지 여부한국공인중개사협회가 공제약관에서 ‘협회가 보상하는 금액은 공제가입금액을 한도로 합니다’라고 규정한 사안에서 위 약관 규정은 ‘공제사고 1건당 보상한도’를 정한 것으로 해석함이 타당하다고 한 사례,공제금,대법원,2012.8.17.,2010다93035
구 조세범 처벌법 에서 정한 자가 조세를 포탈한 경우 포탈세액의 산정 기준납세의무자의 신고에 의하여 부과·징수하는 조세에 대한 조세포탈죄의 기수 시기 및 기수 이후 정부의 과세결정이 있다거나 납세의무자가 포탈세액 전부 또는 일부를 납부하였다는 사정이 범죄 성립에 영향을 미치는지 여부피고인이 자신의 자녀들에게 차명주식을 증여하였는데도 자녀들의 대리인으로서 그들에게 부과될 증여세의 과세표준이나 세액을 신고하지 아니하는 방법으로 증여세를 포탈하였다고 하여 구 특정범죄 가중처벌 등에 관한 법률 위반으로 기소된 사안에서 자녀별 포탈세액 전부를 합산하는 방법으로 ‘피고인의 포탈 세액’을 산정하여 같은 법   위반죄가 기수에 이르렀다고 본 원심판단을 수긍한 사례구 조세범 처벌법  에서 정한 ‘사기 기타 부정한 행위’의 의미피고인이 자신의 자녀들에게 차명주식을 증여하였는데도 적극적으로 자녀들과 차명주주들 사이에 실질적인 매매가 있는 것과 같은 외관을 만드는 방법으로 구 상속세 및 증여세법 의5 에서 정한 의제증여세를 포탈한 사안에서 위 행위가 의제증여세 포탈과 관련하여 ‘사기 기타 부정한 행위’에 해당한다고 본 원심판단을 수긍한 사례조세포탈죄에서 ‘범의’의 내용 및 위 법리가 구 상속세 및 증여세법 의5에서 정한 의제증여세 포탈 범죄의 경우에도 동일하게 적용되는지 여부피고인이 합병을 통한 우회상장을 전제로 자신의 자녀들에게 갑 주식회사 발행의 차명주식을 이전한 후 합병을 통한 우회상장을 하여 차명주식 가치를 증가시키는 방법으로 증가된 가액을 증여하고 그에 따른 의제증여세를 포탈하였다고 하여 구 특정범죄 가중처벌 등에 관한 법률 위반으로 기소된 사안에서 피고인에게 의제증여세 포탈 범의가 있었다고 본 원심판단을 수긍한 사례‘합병에 따른 상장등 이익’을 증여로 의제하여 과세하도록 규정한 구 상속세 및 증여세법 의5가 헌법상 과잉금지원칙이나 평등원칙 등에 위배되는지 여부구 특정범죄 가중처벌 등에 관한 법률   위반죄의 죄수 관계 및 같은 항에서 정한 ‘연간’ ‘연간 포탈세액등’의 의미10 증여세와 의제증여세에 대한 각 포탈범행의 기수 시기가 속한 연도가 다른 경우 각 조세포탈행위를 포괄일죄로 보아 구 특정범죄 가중처벌 등에 관한 법률   위반의 1죄로 처벌할 수 있는지 여부11 차명주식 증여에 관한 증여세와 ‘합병에 따른 상장등 이익’에 관한 의제증여세에 대한 각 포탈범행의 기수 시기가 속한 연도가 다른데도 검사가 위 행위 전체를 구 특정범죄 가중처벌 등에 관한 법률 위반의 포괄일죄로 기소한 사안에서 이를 구 특가법   위반의 1죄로 처벌할 수 없다고 본 원심판단을 수긍한 사례,특정범죄가중처벌등에관한법률위반(알선수재)·특정범죄가중처벌등에관한법률위반(조세)·증권거래법위반,대법원,2011.6.30.,2010도10968
구 조세범 처벌법 에서 정한 ‘사기 기타 부정한 행위’의 의의 및 판단 기준피고인이 명의를 빌려 사업자등록을 하고 차명계좌를 통해 매출금을 입금받았는데도 세무사에게는 매출액 등 일부를 누락한 자료를 건네 실제 매출과 다른 내용의 장부를 작성하고 부가가치세 및 종합소득세 신고를 하게 한 행위가 구 조세범 처벌법에서 정한 ‘사기 기타 부정한 행위’에 해당한다고 본 원심판단을 수긍한 사례원천징수의무불이행으로 인한 구 조세범 처벌법 위반죄의 죄수 관계피고인이 근로소득에 대한 원천징수를 이행하지 않았다고 하여 구 조세범 처벌법 위반죄로 기소된 사안에서 각 사업연도별로 하나의 범죄가 성립하는 것을 전제로 범죄사실을 특정하여 이를 유죄로 인정한 원심판단에 죄수에 관한 법리오해의 위법이 있다고 한 사례,특정범죄가중처벌등에관한법률위반(조세)·조세범처벌법위반,대법원,2011.3.24.,2010도13345
통역인이 사건에 관하여 증인으로 증언한 경우 통역인 제척사유에 해당하는지 여부 및 제척사유 있는 통역인이 통역한 증인의 증인신문조서가 증거능력이 있는지 여부통역인이 피해자의 사실혼 배우자인 경우 통역인 제척사유에 해당하는지 여부통역인 갑이 피고인들에 대한 특정경제범죄 가중처벌 등에 관한 법률 위반 사건의 공판기일에 증인으로 출석하여 진술한 다음 같은 기일에 위 사건의 피해자로서 자신의 사실혼 배우자인 증인 을의 진술을 통역한 사안에서 원심이 갑이 통역한 을의 증인신문조서를 유죄 인정의 증거로 삼은 것은 잘못이라고 한 사례,특정경제범죄가중처벌등에관한법률위반(사기)·사문서위조·위조사문서행사·사기,대법원,2011.4.14.,2010도13583
장물죄에서 본범이 되는 범죄행위에 대하여 우리 형법이 적용되지 않는 경우 그에 관한 법적 평가 기준 및 ‘장물’에 해당하기 위한 요건횡령죄에서 재물의 타인성 등과 관련된 법률관계에 외국적 요소가 있는 경우 소유권 귀속관계 등의 판단 기준대한민국 국민 또는 외국인이 미국 캘리포니아주에서 미국 리스회사와 미국 캘리포니아주의 법에 따라 차량 이용에 관한 리스계약을 체결하였는데 이후 자동차수입업자인 피고인이 리스기간 중 위 리스이용자들이 임의로 처분한 위 차량들을 수입한 사안에서 피고인에게 장물취득죄를 인정한 원심판단의 결론을 정당하다고 한 사례,사기·장물취득·외국환거래법위반,대법원,2011.4.28.,2010도15350
피고인이 보험금을 편취할 의사로 허위 또는 과장하여 보험사고를 신고하거나 고의로 보험사고를 유발한 경우 보험금에 관한 사기죄의 성립 여부 및 성립 범위사기죄의 성립 요건피고인이 남편의 폭행으로 목을 다쳤을 뿐인데도 교통사고로 상해를 입었다는 취지로 보험금을 청구하여 다수의 보험회사들로부터 보험금을 편취하였다는 내용으로 기소된 사안에서 피고인의 보험금청구가 기망행위에 해당한다거나 인과관계가 있다고 단정하여 사기죄를 인정한 원심판결에 법리오해 또는 심리미진의 위법이 있다고 한 사례,사기,대법원,2011.2.24.,2010도17512
법원이 공소장 변경 없이 직권으로 공소장에 기재된 공소사실과 다른 범죄사실을 인정하기 위한 요건‘토지매매계약체결에 관한 약정이 없음에도 피해자를 기망하였다’는 공소사실과 ‘수분양자들의 분양계약체결 의사를 확인한 바 없음에도 피해자를 기망하였다’는 원심 인정의 범죄사실은 그 기망의 내용이나 태양을 달리하는 것이어서 공소장의 변경 없이 직권으로 공소사실과 다른 위 범죄사실을 유죄로 인정한 원심의 조치는 위법하다고 한 사례,사기,대법원,2010.4.29.,2010도2414
항소법원이 피고인에게 소송기록 접수통지를 2회에 걸쳐 한 경우 항소이유서 제출기간의 기산일항소심에서 국선변호인이 선정된 이후 변호인이 없는 다른 사건이 병합된 경우 항소법원은 국선변호인에게 병합된 사건에 관한 소송기록 접수통지를 하여야 하는지 여부항소법원이 국선변호인 선정 이후 병합된 사건에 관하여 국선변호인에게 소송기록 접수통지를 하지 아니함으로써 항소이유서 제출기회를 주지 아니한 채 판결을 선고한 것은 위법하다고 한 사례,사기,대법원,2010.5.27.,2010도3377
사기 범행의 피해자로부터 현금을 예금계좌로 송금받은 경우 그 사기죄의 객체가 ‘재물’인지 또는 ‘재산상의 이익’인지 여부본인 명의의 예금계좌를 양도하는 방법으로 본범의 사기 범행을 용이하게 한 방조범이 본범의 사기행위 결과 그의 예금계좌에 입금된 돈을 인출한 경우 ‘장물취득죄’가 성립하는지 여부사기 범행에 이용되리라는 사정을 알고서도 자신의 명의로 은행 예금계좌를 개설하여 갑에게 이를 양도함으로써 갑이 을을 속여 을로 하여금 현금을 위 계좌로 송금하게 한 사기 범행을 방조한 피고인이 위 계좌로 송금된 돈 중 일부를 인출하여 갑이 편취한 장물을 취득하였다는 공소사실에 대하여 위 ‘장물취득’ 부분을 무죄로 선고한 원심판단을 정당하다고 한 사례,사기방조·장물취득·전자금융거래법위반,대법원,2010.12.9.,2010도6256
법인의 대표자 또는 피용자가 그 법인 명의로 한 채무부담행위가 관련 법령에 위배되어 무효인 경우 위 법인에 대한 배임죄를 구성하는지 여부상호저축은행의 대표이사 등이 구 상호저축은행법 의2 를 위반하여 채무보증 또는 담보제공 행위를 한 경우 위 은행에 대한 배임죄가 성립하는지 여부구 부정수표 단속법   위반죄의 성립 요건특정경제범죄 가중처벌 등에 관한 법률 에서 말하는 ‘알선’의 의미 및 그 판단 기준,특정경제범죄가중처벌등에관한법률위반(배임)·특정경제범죄가중처벌등에관한법률위반(사기)·상호저축은행법위반·업무상배임·사기·사기미수·위계공무집행방해·사문서위조·위조사문서행사·특정경제범죄가중처벌등에관한법률위반(알선수재)·무고·주식회사의외부감사에관한법률위반·부정수표단속법위반·조세범처벌법위반·공정증서원본불실기재·불실기재공정증서원본행사,대법원,2010.9.30.,2010도6490
이른바 ‘사기도박’의 경우 사기죄 외에 도박죄가 별도로 성립하는지 여부사기도박에서 실행의 착수시기피고인 등이 사기도박에 필요한 준비를 갖추고 그 실행에 착수한 후에 사기도박을 숨기기 위하여 얼마간 정상적인 도박을 하였더라도 이는 사기죄의 실행행위에 포함되는 것이어서 피고인에 대하여는 피해자들에 대한 사기죄만이 성립하고 도박죄는 따로 성립하지 아니한다고 한 사례피고인 등이 피해자들을 유인하여 사기도박으로 도금을 편취한 행위는 사회관념상 1개의 행위로 평가함이 상당하므로 피해자들에 대한 각 사기죄는 상상적 경합의 관계에 있다고 한 사례,사기·도박,대법원,2011.1.13.,2010도9330
공소사실이나 범죄사실의 동일성 여부 판단 기준피고인에 대하여 유죄판결이 확정된 ‘아파트 사전분양’으로 인한 구 주택건설촉진법 위반죄 범죄사실과 ‘아파트를 건축·분양할 의사나 능력 없이 피해자들을 기망하여 분양대금을 편취하였다’는 내용의 특정경제범죄 가중처벌 등에 관한 법률 위반 공소사실 사이에 동일성이 있다거나 두 죄가 1죄 내지 상상적 경합관계에 있다고 할 수 없다고 본 원심판단을 정당하다고 한 사례법원이 공소장변경절차를 거치지 아니하고 공소사실과 다른 사실을 인정하기 위한 요건피고인들이 특정경제범죄 가중처벌 등에 관한 법률 위반으로 기소된 사안에서 원심이 공소사실과 다른 내용으로 ‘피고인들의 임무’를 인정하였더라도 기본적 사실의 동일성 범위를 벗어나 새로운 임무를 인정하였다거나 이로 인해 피고인들의 방어권 행사에 실질적 불이익이 초래되었다고 볼 수 없다고 한 사례배임죄에서 ‘본인에게 손해를 가한 때’의 의미 및 위임받은 사무가 소유권이전등기의무인 경우 배임죄의 성립 요건피고인들이 담보권 실행을 위한 경매절차가 진행 중인 호텔을 피해자 측에 매도하면서 이에 관한 최선순위 근저당권과 소유권이전청구권 가등기를 이전하여 주기로 한 약정에 따라 중도금까지 수령하였는데도 가등기를 피고인들이 실질적으로 지배하는 갑 회사 및 을 회사에 이전하였다고 하여 특정경제범죄 가중처벌 등에 관한 법률 위반으로 기소된 사안에서 이로 인해 피해자의 피고인들에 대한 가등기이전등기청구권이 이행불능에 빠질 위험성이 발생하였다는 이유로 피고인들에게 유죄를 인정한 원심판단을 수긍한 사례부동산 이중매매로 인한 배임죄에서 특정경제범죄 가중처벌 등에 관한 법률  의 적용을 전제로 대상 부동산 가액을 산정할 때 부동산 시가 상당액에서 근저당권 등에 의한 부담 금액을 공제하여야 하는지 여부피고인들이 담보권 실행을 위한 경매절차가 진행 중인 호텔을 피해자 측에 매도하면서 이에 관한 최선순위 근저당권과 소유권이전청구권 가등기를 이전하여 주기로 한 약정에 따라 중도금까지 수령하였는데도 가등기를 다른 회사들에 이전하였다고 하여 특정경제범죄 가중처벌 등에 관한 법률 위반으로 기소된 사안에서 원심이 같은 법  의 적용을 전제로 피고인들의 배임행위로 인한 이득액을 산정할 때 대상 부동산의 시가 상당액에서 근저당권 등에 의한 부담 금액을 공제하지 않은 잘못이 있으나 이와 같은 법리오해는 판결 결과에 영향이 없다고 한 사례,특정경제범죄가중처벌등에관한법률위반(사기)·사기·특정경제범죄가중처벌등에관한법률위반(배임),대법원,2011.6.30.,2011도1651
친족상도례가 적용되는 ‘친족’의 범위 및 사기죄의 피고인과 피해자가 사돈지간인 경우 친족에 해당하는지 여부피고인이 자신과 사돈지간인 피해자를 속여 돈을 편취하였다며 사기로 기소된 사안에서 피고인과 피해자가 2촌의 인척인 친족이라는 이유로 위 범죄를 친족상도례가 적용되는 친고죄라고 판단한 후 피해자의 고소가 고소기간을 경과하여 부적법하다고 보아 공소를 기각한 원심판결 및 제1심판결을 모두 파기한 사례,사기,대법원,2011.4.28.,2011도2170
피고인이 범한 갑죄 을죄 병죄의 범행일시는 모두 피고인의 정죄 등에 대한 판결 확정 이후이고 그 중 갑죄와 을죄의 범행일시는 피고인의 무죄에 대한 판결 확정 전인 반면 병죄의 범행일시는 그 이후인데 무죄의 범행일시가 제1판결 확정 전인 사안에서 제2판결의 확정을 전후한 갑죄 및 을죄와 병죄 사이에는 형법  전·후단의 어느 경합범 관계도 성립할 수 없고 결국 각각의 범죄에 대하여 별도로 형을 정하여 선고할 수밖에 없다는 취지의 원심판단을 정당하다고 한 사례,특정경제범죄가중처벌등에관한법률위반(사기)·사기,대법원,2011.6.10.,2011도2351
회사의 사무를 처리하는 자가 회사로 하여금 자신의 채무에 관하여 연대보증채무를 부담하게 한 다음 회사의 자금을 보관하는 자의 지위에서 이를 임의로 인출하여 위 개인채무 변제에 사용한 행위가 배임죄와 별도로 횡령죄를 구성하는지 여부갑 주식회사의 대표이사와 실질적 운영자인 피고인들이 공모하여 자신들이 을에 대해 부담하는 개인채무 지급을 위하여 갑 회사로 하여금 약속어음을 공동발행하게 하고 위 채무에 대하여 연대보증하게 한 후에 갑 회사를 위하여 보관 중인 돈을 임의로 인출하여 을에게 지급하여 위 채무를 변제한 사안에서 피고인들에게 배임죄와 별도로 횡령죄를 인정한 원심판단을 정당하다고 한 사례,특정경제범죄가중처벌등에관한법률위반(배임)·특정경제범죄가중처벌등에관한법률위반(횡령)·상법위반·공정증서원본불실기재·불실기재공정증서원본행사·증권거래법위반·근로기준법위반·업무상횡령·특정경제범죄가중처벌등에관한법률위반(사기)(인정된죄명:사기),대법원,2011.4.14.,2011도277
경제적 이익을 기대할 수 있는 자금운용의 권한 내지 지위를 획득하는 것이 사기죄의 객체인 재산상 이익에 포함되는지 여부피고인이 자신이 개발한 주식운용프로그램을 이용하면 상당한 수익을 낼 수 있고 만일 손해가 발생하더라도 원금과 은행 정기예금 이자 상당의 반환은 보장하겠다는 취지로 피해자 갑을 기망하여 갑의 자금이 예치된 갑 명의 주식계좌에 대한 사용권한을 부여받아 재산상 이익을 취득하였다는 내용으로 기소된 사안에서 피고인에게 사기죄를 인정한 원심판단의 결론을 정당하다고 한 사례,특정경제범죄가중처벌등에관한법률위반(사기)(인정된죄명:사기),대법원,2012.9.27.,2011도282
검사가 피고인들의 토지거래허가구역 내 토지에 대한 미등기 전매 후 근저당권설정행위를 배임으로 기소하였다가 원심에서 매매대금 편취에 대한 사기 공소사실을 예비적으로 추가하는 공소장변경신청을 한 사안에서 위 각 범죄사실은 기본적 사실관계가 동일하다고 볼 수 없어 공소장변경을 허가할 수 없는데도 이와 달리 보아 공소장변경을 허가한 원심의 조치에 공소사실의 동일성 등에 관한 법리를 오해한 위법이 있다고 한 사례,"배임(피고인1에대하여인정된죄명:사기,피고인2에대한예비적죄명:사기)·사기",대법원,2012.4.13.,2011도3469
난자의 유상거래를 금지하고 처벌하는 구 생명윤리 및 안전에 관한 법률     에서 정한 ‘재산상의 이익 그 밖에 반대급부를 조건으로’ 난자를 이용하는 행위에 난자 제공의 대가로 채무면제 등 소극적 이익을 제공하는 것이 포함되는지 여부 및 위 규정이 난자를 체세포복제배아의 생성에 이용하는 경우에 적용되는지 여부피고인이 갑과 공모하여 갑이 운영하는 병원에서 불임여성들로부터 인공수정 시술비 등을 감면하여 주는 조건으로 난자를 제공받아 체세포복제 배아줄기세포 연구에 이용하였다고 하여 구 생명윤리 및 안전에 관한 법률 위반으로 기소된 사안에서 피고인의 행위가 같은 법  에서 금지하는 ‘재산상의 이익 그 밖에 반대급부를 조건으로’ 난자를 이용하는 행위에 해당한다고 본 원심판단을 정당하다고 한 사례,특정경제범죄가중처벌등에관한법률위반(사기)·업무상횡령·사기·생명윤리및안전에관한법률위반,대법원,2014.2.27.,2011도48
형법  본문에서 정한 ‘대한민국 또는 대한민국 국민에 대하여 죄를 범한 때’의 의미캐나다 시민권자인 피고인이 캐나다에서 위조사문서를 행사하였다는 내용으로 기소된 사안에서 외국인 국외범으로서 우리나라에 재판권이 있다고 보아 유죄를 인정한 원심판결에 재판권 인정에 관한 법리오해의 위법이 있다고 한 사례형법  단서에서 정한 ‘외국법규의 존재’에 대한 증명의 정도와 증명책임의 소재캐나다 시민권자인 피고인이 피해자들을 기망하여 투자금 명목의 돈을 편취하였다는 내용으로 기소된 사안에서 공소사실 중 ‘피고인이 대한민국 국민을 기망하여 캐나다에서 투자금을 수령한 부분’이 행위지인 캐나다 법률에 의하여 범죄를 구성하는지 등에 관하여 아무런 증명이 없는 상황에서 공소사실 전부를 유죄로 인정한 원심판결에 법리오해 및 심리미진의 위법이 있다고 한 사례,특정경제범죄가중처벌등에관한법률위반(사기)·사기·위조사문서행사,대법원,2011.8.25.,2011도6507
갑 주식회사의 실질적 운영자인 피고인 등이 공모하여 회사에 대한 고의 부도 준비 사실 등을 숨긴 채 갑 회사 명의로 대한주택보증 주식회사와 임대보증금 보증약정을 체결하여 재산상 이익을 취득하였다고 하여 구 특정경제범죄 가중처벌 등에 관한 법률 위반으로 기소된 사안에서 사기죄가 성립하지 않는다고 본 원심판결에 사기죄의 기수 시기 등에 관한 법리오해의 위법이 있다고 한 사례,특정경제범죄가중처벌등에관한법률위반(사기)·뇌물수수·제3자뇌물취득,대법원,2013.11.28.,2011도7229
주식회사의 설립업무 또는 증자업무를 담당한 자와 주식인수인이 사전 공모하여 제3자로부터 차용한 돈으로 주금을 납입하고 설립등기절차 또는 증자등기절차 후 바로 인출하여 변제한 경우 업무상횡령죄 성립 여부 및 주금 납입으로 회사 자본이 실질적으로 증가한 것으로 볼 수 있는지 판단하는 기준갑 주식회사의 사실상 경영자인 피고인이 을에게서 돈을 차용하여 가장납입의 방법으로 갑 회사의 유상증자에 참여한 후 을이 납입한 주금 해당액을 바로 인출하여 자기앞수표로 반환하였는데 이후 회계감사에 대비하여 위 수표를 을에게서 잠시 돌려받아 갑 회사 계좌에 입금한 뒤 다시 해당 금액을 인출하여 변제한 사안에서 피고인에게 갑 회사의 돈을 임의로 유용한다는 불법영득의사가 존재한다고 볼 수 없는데도 이와 달리 판단한 원심판결에 법리오해의 위법이 있다고 한 사례이른바 ‘소송사기’를 사기죄로 인정하기 위한 요건 및 허위의 내용으로 소송을 제기한 경우 허위의 증거를 이용하지 않더라도 법원을 기망하는 수단이 될 수 있는지 여부갑 주식회사의 경영자인 피고인이 갑 회사와 을 주식회사 사이에 허위로 작성된 물품공급계약서에 따른 공급을 완료하였음을 전제로 을 회사를 상대로 물품대금 청구소송을 제기하면서 증거자료로 위 물품공급계약서를 제출하였다가 그 후 소송을 취하한 사안에서 피고인의 행위가 사기미수죄에 해당한다고 본 원심판단을 수긍한 사례,특정경제범죄가중처벌등에관한법률위반(횡령)·특정경제범죄가중처벌등에관한법률위반(배임)·유가증권위조·위조유가증권행사·사문서위조·위조사문서행사·공정증서원본불실기재·불실기재공정증서원본행사·사기미수·신용훼손·무고·범인은닉·사기·성폭력범죄의처벌및피해자보호등에관한법률위반(카메라등이용촬영)·상해·협박,대법원,2011.9.8.,2011도7262
사기죄의 구성요건 중 ‘처분행위’의 의의와 요건피고인이 피해자들을 기망하여 이자 지급 약정하에 대여금을 교부받았으나 이자를 지급하지 않은 사안에서 위 이자 부분에 대하여 피해자들의 별도의 처분행위가 있었다고 단정할 자료가 없는데도 사기죄를 인정한 원심판단에 심리미진이나 채증법칙 위반 또는 법리오해의 위법이 있다고 한 사례수인의 피해자에 대하여 단일한 범의하에 동일한 방법으로 각 피해자별로 기망행위를 한 경우 사기죄의 죄수 및 포괄일죄로 볼 수 있는 경우사기죄 피해자들의 피해 법익이 동일하다고 볼 근거가 없는데도 위 피해자들이 부부라는 사정만으로 이들에 대한 각 사기 행위가 포괄하여 일죄에 해당한다고 보아 특정경제범죄 가중처벌 등에 관한 법률을 적용한 원심판결에 죄수에 관한 심리미진 또는 법리오해의 위법이 있다고 한 사례,특정경제범죄가중처벌등에관한법률위반(사기)·사기,대법원,2011.4.14.,2011도769
피해자의 재산적 처분행위 또는 이를 유발한 피고인의 행위가 피고인이 도모하는 사업의 성패 내지 성과와 밀접하게 관련된 경우 사기죄 성립 여부에 관한 판단 방법갑 주식회사 운영자인 피고인이 회사 운영이 어려워 돈을 차용하거나 투자를 받더라도 갚을 의사나 능력이 없는데도 피해자들을 기망하여 회사 운영자금 명목으로 돈을 차용하여 편취하였다는 내용으로 기소된 사안에서 피고인이 피해자들을 기망하였다거나 피고인의 기망행위로 인하여 피해자들이 착오에 빠져 재산적 처분행위를 하였다고 볼 수 없는데도 이와 달리 보아 유죄를 인정한 원심판결에 법리오해의 위법이 있다고 한 사례,사기,대법원,2011.10.13.,2011도8829
부동산 소유자가 행방불명된 경우 그의 사망 및 상속인의 부존재에 관한 증명이나 민법  내지 에 의한 국가귀속 절차 없이 단순히 국유재산법 에 의한 무주부동산 처리절차를 거쳐 국유재산으로 등록된 부동산이 국가 소유로 귀속되는지 여부갑이 일제시대 사정받은 토지에 대하여 소유자 미복구를 원인으로 국가 명의의 소유권보존등기가 되어 있는 상태에서 피고인이 제1심 공동피고인과 공모하여 을이 사정명의인 갑의 소유권을 대습상속한 것처럼 상속인의 사망 시기 등을 조작한 다음 을을 원고로 하여 국가를 상대로 소유권보존등기 말소등기 청구소송을 제기하여 이를 일부 인용하는 취지의 화해권고결정이 확정된 사안에서 청구인용 부분에 대하여 피고인에게 사기죄와 사기미수죄를 인정한 원심판단을 수긍한 사례,특정경제범죄가중처벌등에관한법률위반(일부인정된죄명:사기·사기미수)·사기미수·공전자기록등불실기재·불실기재공전자기록등행사,대법원,2011.12.13.,2011도8873
구 조세범 처벌법 의2  의 죄와 같은 법   의 죄의 죄수 관계 및 구 특정범죄 가중처벌 등에 관한 법률 의2 의 죄와 같은 법  의 죄에도 동일한 법리가 적용되는지 여부피고인이 세금계산서합계표를 허위기재하여 정부에 제출하는 방법으로 부가가치세를 포탈하였다고 하며 구 특정범죄 가중처벌 등에 관한 법률 위반 등으로 기소된 사안에서 ‘허위기재 세금계산서합계표 제출행위’와 ‘사기 기타 부정한 행위로써 부가가치세를 포탈한 행위’가 별개의 행위로서 별개의 죄를 구성한다고 본 원심의 조치를 수긍한 사례,특정범죄가중처벌등에관한법률위반(조세)·특정범죄가중처벌등에관한법률위반(허위세금계산서교부등)·조세범처벌법위반,대법원,2011.12.8.,2011도9242
공동정범에서 공모관계의 성립 요건 및 피고인이 공모의 점을 부인하는 경우 증명 방법피고인이 갑 등과 공모하여 이른바 딱지어음을 대량 발행한 후 일정한 가격으로 시중에 유통시켰는데 을 등이 그 중 일부를 취득하여 이러한 사실을 숨긴 채 피해자들에게 교부하여 어음할인금을 편취하거나 채무이행의 유예를 받은 사안에서 피고인 등 딱지어음 발행인들과 을 등 딱지어음 취득자들 사이에 사기 범행에 관하여 공모관계가 성립되었다는 이유로 피고인에게 사기죄의 공동정범을 인정한 원심판단을 수긍한 사례,자본시장과금융투자업에관한법률위반·사기,대법원,2011.12.22.,2011도9721
구 지방세법 의4 의 입법 취지와 ‘사기 기타 부정한 행위’의 의미 및 어떠한 행위가 조세법상 ‘사기 기타 부정한 행위’에 해당하는지를 가림에 있어 형사처벌 법규의 구성요건에 준하여 엄격 해석해야 하는지 여부갑 주식회사가 임시주주총회 의사록과 이사회 회의록을 작성하여 정관을 변경하고 본점을 이전등기한 후 토지에 관하여 소유권이전등기를 마치면서 등록세 등을 신고·납부하였으나 관할 행정청이 위 소유권이전등기가 구 지방세법    등에 해당한다는 이유로 중과세하여 갑 회사에 등록세 등 부과처분을 한 사안에서 갑 회사의 행위가 구 지방세법 의4 에서 정한 ‘사기 기타 부정한 행위’라고 보기 어렵다고 한 사례,등록세등부과처분취소,대법원,2014.5.16.,2011두29168
상호저축은행법    상호저축은행법 시행령   가 포괄위임입법 금지원칙이나 명확성 원칙에 위배되는지 여부상호저축은행법 시행령   에서 정한 ‘대주주 또는 상호저축은행의 임원이 사실상 그 경영을 지배하고 있다고 인정되는 법인’에 대주주 등이 상호저축은행에 대한 지배력을 매개로 하여 상호저축은행을 통하여 경영을 지배하는 법인이 포함되는지 여부상호저축은행업 감독업무 시행세칙   전단에서 정한 ‘상호저축은행 대주주집단이 최다출자자인 기업’에 당해 상호저축은행도 포함되는지 여부불법행위로 인해 근저당권이 소멸된 경우 근저당권자가 입은 재산상 손해액 및 근저당권 이외의 담보권의 경우에도 동일한 법리가 적용되는지 여부갑 상호저축은행 경영진인 피고인이 영업정지가 임박한 상황에서 갑 저축은행에 파견되어 있던 금융감독원 감독관에게 알리지 아니한 채 영업마감 후에 특정 고액 예금채권자들에게 영업정지 예정사실을 알려주어 예금을 인출하도록 함으로써 파견감독관의 상시감독업무를 방해하였다는 내용으로 기소된 사안에서 피고인의 행위가 업무방해죄의 ‘위계’에 해당한다고 본 원심판단을 수긍한 사례허위 작성·공시된 재무제표를 이용한 사기적 부정거래로 인한 자본시장과 금융투자업에 관한 법률 위반죄와 허위 재무제표 작성·공시로 인한 주식회사의 외부감사에 관한 법률 위반죄의 죄수 관계,특정경제범죄가중처벌등에관한법률위반(횡령)·특정경제범죄가중처벌등에관한법률위반(배임)·상호저축은행법위반·주식회사의외부감사에관한법률위반·업무상배임·업무방해·자본시장과금융투자업에관한법률위반·뇌물공여·특정경제범죄가중처벌등에관한법률위반(사기)·상법위반,대법원,2013.1.24.,2012도10629
채무자의 기망행위로 인하여 채권자가 채무를 확정적으로 소멸 내지 면제시키는 특약 등 처분행위를 한 경우 채무의 면제라고 하는 재산상 이익에 관한 사기죄가 성립하는지 여부 및 후에 재산적 처분행위가 사기를 이유로 취소될 수 있다고 하여 달리 보아야 하는지 여부피고인이 피해자들을 기망하여 부동산을 매도하면서 매매대금 중 일부를 피해자들의 피고인에 대한 기존 채권과 상계하는 방법으로 지급받아 채무 소멸의 재산상 이익을 취득하였다는 내용으로 기소된 사안에서 피고인이 상계에 의하여 기존 채무가 소멸되는 재산상 이익을 취득하였다고 보아 사기죄를 인정한 원심판단을 정당하다고 한 사례,특정경제범죄가중처벌등에관한법률위반(사기)·사기·사문서위조·위조사문서행사·위증교사,대법원,2012.4.13.,2012도1101
이른바 LBO 방식으로 기업을 인수하면서 반대급부를 제공하지 않고 임의로 피인수기업의 자산을 담보로 제공한 경우 업무상배임죄가 성립하는지 여부 및 피인수기업이 회생절차를 밟고 있는 경우에도 동일한 법리가 적용되는지 여부,특정경제범죄가중처벌등에관한법률위반(횡령),대법원,2012.6.14.,2012도1283
사기죄가 성립하는지 판단하는 기준 시점 및 차주가 돈을 빌릴 당시에 변제할 의사와 능력을 가지고 있었으나 그 후 변제하지 않고 있는 경우 사기죄가 성립하는지 여부  대주가 장래의 변제 지체 또는 변제불능에 대한 위험을 예상하고 있었거나 충분히 예상할 수 있는 경우 차주가 그 후 제대로 변제하지 못하였다는 사실만으로 변제능력에 관하여 대주를 기망하였다거나 차주에게 편취의 범의가 있었다고 단정할 수 있는지 여부,사기,대법원,2016.4.28.,2012도14516
형사소송법  에서 정한 ‘특히 신빙할 수 있는 상태’의 의미 및 그 증명책임 소재와 증명의 정도검사가 제1심 증인신문 과정에서 증인 갑 등에게 주신문을 하면서 형사소송규칙상 허용되지 않는 유도신문을 하였다고 볼 여지가 있었는데 그 다음 공판기일에 재판장이 증인신문 결과 등을 각 공판조서에 의하여 고지하였음에도 피고인과 변호인이 ‘변경할 점과 이의할 점이 없다’고 진술한 사안에서 주신문의 하자가 치유되었다고 한 사례타인의 진술을 내용으로 하는 진술이 본래증거 또는 전문증거인지 판단하는 기준,특정경제범죄가중처벌등에관한법률위반(사기)(피고인2에대하여일부인정된죄명:사기)·사기·변호사법위반·횡령·업무상횡령,대법원,2012.7.26.,2012도2937
타인으로부터 용도나 목적이 엄격히 제한된 자금을 위탁받아 집행하면서 제한된 용도 이외의 목적으로 자금을 사용한 경우 횡령죄의 성립 여부 및 회사 경영자가 회사를 위하여 자금을 지출할 때 원래 사용될 이외의 목적으로 자금을 지출하였다는 사정만으로 횡령죄가 성립한다고 단정할 수 없는 경우갑 주식회사의 공동운영자인 피고인들이 을 주식회사의 자금집행 담당자 병과 공모하여 을 회사가 갑 회사와 체결한 선박건조계약에 따라 갑 회사로부터 지급받은 선박건조 선수금을 갑 회사의 대출금 변제 등 다른 용도에 사용하였다고 하여 업무상횡령으로 기소된 사안에서 위 선수금의 용도가 선박건조용으로 엄격하게 제한되어 있었다거나 병에게 불법영득의사가 있었다고 단정하기 어려운데도 이와 달리 보아 유죄를 인정한 원심판결에 법리오해의 위법이 있다고 한 사례,특정경제범죄가중처벌등에관한법률위반(횡령)·특정경제범죄가중처벌등에관한법률위반(사기)·업무상횡령·업무상배임·사기·사문서위조·위조사문서행사·자격모용사문서작성·자격모용작성사문서행사·배임증재,대법원,2012.5.24.,2012도535
공범자의 범인도피행위 도중에 기왕의 범인도피상태를 이용하여 스스로 범인도피행위를 계속한 경우 범인도피죄의 공동정범이 성립하는지 여부 및 이때 공범자의 범행을 방조한 종범의 경우에도 동일한 법리가 적용되는지 여부형사변호인이 의뢰인의 요청에 따른 변론행위라는 명목으로 수사기관이나 법원에 대하여 적극적으로 허위진술을 하거나 피고인 또는 피의자로 하여금 허위진술을 하도록 하는 것이 허용되는지 여부갑이 수사기관 및 법원에 출석하여 을 등의 사기 범행을 자신이 저질렀다는 취지로 허위자백하였는데 그 후 갑의 사기 피고사건 변호인으로 선임된 피고인이 갑과 공모하여 진범 을 등을 은폐하는 허위자백을 유지하게 함으로써 범인을 도피하게 하였다는 내용으로 기소된 사안에서 피고인에 대하여 범인도피방조죄를 인정한 원심판단을 정당하다고 한 사례,사기·범인도피교사·범인도피(피고인2에대하여인정된죄명:범인도피방조),대법원,2012.8.30.,2012도6027
형사소송법 에서 규정하는 자유심증주의의 의미와 한계국회의원인 피고인이 갑 주식회사 대표이사 을에게서 3차례에 걸쳐 불법정치자금을 수수하였다는 내용으로 기소되었는데 을이 검찰의 소환 조사에서는 자금을 조성하여 피고인에게 정치자금으로 제공하였다고 진술하였다가 제1심 법정에서는 이를 번복하여 자금 조성 사실은 시인하면서도 피고인에게 정치자금으로 제공한 사실을 부인하고 자금의 사용처를 달리 진술한 사안에서 자금 사용처에 관한 을의 검찰진술의 신빙성이 인정되므로 을의 검찰진술 등을 종합하여 공소사실을 모두 유죄로 인정한 원심판단에 자유심증주의의 한계를 벗어나는 등의 잘못이 없다고 한 사례,정치자금법위반,대법원,2015.8.20.,2013도11650
제1심에서 합의부 관할사건에 관하여 단독판사 관할사건으로 죄명 적용법조를 변경하는 공소장변경허가신청서가 제출되자 합의부가 사건을 단독판사에게 재배당한 사안에서 사건을 배당받은 합의부는 사건의 실체에 들어가 심판하였어야 하고 사건을 단독판사에게 재배당할 수 없다는 이유로 원심판결 및 제1심판결을 모두 파기하고 사건을 관할권이 있는 법원 제1심 합의부에 이송한 사례,사기·사문서위조·위조사문서행사·대부업등의등록및금융이용자보호에관한법률위반·특정경제범죄가중처벌등에관한법률위반(사기)(인정된죄명:사기),대법원,2013.4.25.,2013도1658
기소된 사기 공소사실의 재산상 피해자와 공소장에 기재된 피해자가 다른 것이 판명된 경우 법원이 취해야 할 조치허위의 근저당권자가 집행법원을 기망하여 원인무효이거나 피담보채권이 존재하지 않는 근저당권에 기해 채무자 또는 물상보증인 소유의 부동산에 대하여 임의경매신청을 하여 부동산 매각대금에 대한 배당절차에서 배당금을 지급받은 경우 집행법원의 배당표 작성과 이에 따른 배당금 교부행위가 매수인의 처분행위에 갈음하는 내용과 효력을 가지는지 여부피고인이 피해자 갑에 대한 대여금 채권이 없음에도 갑 명의의 차용증을 허위로 작성하고 갑 소유의 부동산에 관하여 피고인 앞으로 근저당권설정등기를 마친 다음 그에 기하여 부동산임의경매를 신청하여 배당금을 교부받아 편취하였다는 내용으로 기소된 사안에서 공소사실에 따른 실제 피해자는 부동산 매수인 을이므로 을에 대한 관계에서 사기죄가 성립함에도 진정한 피해자가 누구인지를 가려내지 않은 채 무죄로 판단한 원심판결에 법리오해의 잘못이 있다고 한 사례,사기,대법원,2017.6.19.,2013도564
타인의 사망을 보험사고로 하는 생명보험계약을 체결할 때 제3자가 피보험자인 것처럼 가장하여 체결하는 등으로 그 유효요건이 갖추어지지 못한 경우 보험계약을 체결한 행위만으로 보험금 편취를 위한 기망행위의 실행에 착수한 것으로 볼 수 있는지 여부정범의 실행의 착수 이전에 장래의 실행행위를 예상하고 이를 용이하게 하기 위하여 방조한 경우 종범이 성립하는지 여부,사기,대법원,2013.11.14.,2013도7494
구 국세기본법 의2  의 ‘사기 기타 부정한 행위’의 의미명의위장이 구 국세기본법 의2  의 ‘사기 기타 부정한 행위’에 해당하는 경우법인세법상 부당행위계산에 해당하는 거래임을 은폐하여 세무조정금액이 발생하지 않게 하기 위하여 부당행위계산의 대상이 되지 않는 자의 명의로 거래하고 적극적으로 서류를 조작하고 장부상 허위기재를 하는 경우 법인세 부과제척기간,법인세등부과처분취소,대법원,2013.12.12.,2013두7667
강제집행절차를 통한 소송사기에서 실행의 착수 시기  부동산에 관한 소유권이전등기청구권에 대한 강제집행절차에서 소송사기의 실행의 착수 시기,업무상횡령·사기·사기미수,대법원,2015.2.12.,2014도10086
보험계약자가 고지의무를 위반하여 보험회사와 보험계약을 체결한 경우 보험금 편취를 위한 고의의 기망행위를 인정하기 위한 요건 및 이때 사기죄의 기수시기피고인이 갑에게 이미 당뇨병과 고혈압이 발병한 상태임을 숨기고 을 생명보험 주식회사와 피고인을 보험계약자로 갑을 피보험자로 하는 2건의 보험계약을 체결한 다음 고지의무 위반을 이유로 을 회사로부터 일방적 해약이나 보험금 지급거절을 당할 수 없는 이른바 면책기간 2년을 도과한 이후 갑의 보험사고 발생을 이유로 을 회사에 보험금을 청구하여 당뇨병과 고혈압 치료비 등의 명목으로 14회에 걸쳐 보험금을 수령하여 편취하였다는 내용으로 기소된 사안에서 피고인의 보험계약 체결행위와 보험금 청구행위는 을 회사를 착오에 빠뜨려 처분행위를 하게 만드는 일련의 기망행위에 해당하고 을 회사가 그에 따라 보험금을 지급하였을 때 사기죄는 기수에 이른다고 한 사례,사기,대법원,2019.4.3.,2014도2754
다른 사람 명의의 예금계좌를 빌려 예금한 행위가 조세의 부과징수를 불능 또는 현저히 곤란하게 만든 것으로서 구 조세범처벌법  에서 정한 ‘사기 기타 부정한 행위’에 해당하는 경우명의를 위장하여 소득을 얻은 경우 명의위장 사실만으로 구 조세범처벌법  에서 정한 ‘사기 기타 부정한 행위’에 해당하는지 여부,특정경제범죄가중처벌등에관한법률위반(횡령)·특정경제범죄가중처벌등에관한법률위반(저축관련부당행위)·특정범죄가중처벌등에관한법률위반(조세)(피고인1에대하여일부인정된죄명및피고인2외국회사에대한죄명:조세범처벌법위반),대법원,2016.2.18.,2014도3411
구 국세기본법  에서 규정한 실질과세원칙의 의미  실질과세원칙이 거주자나 내국법인이 우리나라의 조세를 회피하기 위하여 조세피난처에 외형뿐인 이른바 ‘기지회사’를 설립하여 두고 그 법인형식만을 이용하는 국제거래에도 적용되는지 여부법인의 출자자가 사외유출된 법인의 소득을 확정적으로 자신에게 귀속시킨 경우 이러한 소득을 출자자에 대한 배당소득에 해당하는 것으로 추인할 수 있는지 여부구 조세범 처벌법  에서 말하는 ‘사기 기타 부정한 행위’의 의미 및 단순히 세법상의 신고를 하지 아니하거나 허위의 신고를 함에 그치는 행위가 여기에 해당하는지 여부  납세자가 명의를 위장하여 소득을 얻은 경우 명의위장 사실만으로 위 조항에서 정한 ‘사기 기타 부정한 행위’에 해당하는지 여부구 특정경제범죄 가중처벌 등에 관한 법률   후단에서 규정한 ‘국외에서의 은닉 또는 처분에 의한 재산국외도피죄’의 성립요건 및 위 조항에서 말하는 ‘국내에 반입하여야 할 재산’의 의미,특정범죄가중처벌등에관한법률위반(조세)(일부변경된죄명:조세범처벌법위반)·특정경제범죄가중처벌등에관한법률위반(재산국외도피),대법원,2018.11.9.,2014도9026
사기죄의 성립요건  사기죄의 주관적 구성요건인 불법영득의 의사 내지 편취의 범의 유무를 판단하는 기준  공사대금 등 편취에 의한 사기죄에서 편취의 범의가 있었는지 판단하는 기준 시점 및 판단 방법사기죄의 보호법익  기망행위에 의하여 국가적 또는 공공적 법익이 침해되었다는 사정만으로 사기죄가 성립하는지 여부  공사도급계약 당시 관련 영업 또는 업무를 규제하는 행정법규나 입찰 참가자격 계약절차 등에 관한 규정을 위반한 사정만으로 공사도급계약을 체결한 행위가 기망행위에 해당한다고 단정할 수 있는지 여부 및 이때 심리·판단하여야 할 사항,사기,대법원,2019.12.27.,2015도10570
전기통신금융사기로 피해자의 자금이 사기이용계좌로 송금·이체된 후 계좌에서 현금을 인출하기 위하여 정보처리장치에 사기이용계좌 명의인의 정보 등을 입력하는 행위가 전기통신금융사기 피해 방지 및 피해금 환급에 관한 특별법 의2 에서 정한 구성요건에 해당하는지 여부,사기·전기통신금융사기피해방지및피해금환급에관한특별법위반·전자금융거래법위반,대법원,2016.2.19.,2015도15101
피고인 등이 피해자 갑 등에게 자동차를 매도하겠다고 거짓말하고 자동차를 양도하면서 매매대금을 편취한 다음 자동차에 미리 부착해 놓은 지피에스로 위치를 추적하여 자동차를 절취하였다고 하여 사기 및 특수절도로 기소된 사안에서 피고인에게 사기죄를 인정한 원심판결에 법리오해의 잘못이 있다고 한 사례,사기·특수절도,대법원,2016.3.24.,2015도17452
공동의 사기 범행으로 얻은 돈을 공범자끼리 수수한 행위가 공동정범들의 내부적인 분배행위에 지나지 않는 경우 돈의 수수행위가 따로 배임수증재죄를 구성하는지 여부공사 발주처의 입찰 업무를 처리하는 자가 공사업자와 공모하여 부정한 방법으로 낙찰하한가를 알아낸 다음 공사업자에게 알려주어 발주처가 공사업자를 낙찰자로 선정하도록 하여 공사계약의 체결에 이르게 하고 공사업자에게서 돈을 수수한 경우 돈의 성격을 타인의 업무에 관한 부정한 청탁의 대가로 볼 것인지 공동의 사기 범행에 따라 편취한 것으로 볼 것인지 판단하는 기준,배임증재·배임증재미수(변경된죄명:배임증재),대법원,2016.5.24.,2015도18795
갑 주식회사의 실질적 운영자이자 을 주식회사의 대표이사인 피고인 병 및 피고인 정 등이 공모하여 갑 회사가 시행하고 을 회사가 시공하는 아파트 중 임대아파트 부분의 신축과 관련하여 무 은행에 임대주택건설자금 대출을 신청하면서 아파트 부지의 매매가격을 부풀린 매매계약서 등을 제출하는 방법으로 무 은행을 기망하여 국민주택기금 대출금을 편취하였다는 내용으로 기소된 사안에서 피고인들이 아파트 부지의 매매가격을 부풀린 매매계약서 등을 제출한 행위와 무 은행의 대출 사이에 인과관계가 존재한다고 보기 어렵다고 한 사례,위조사문서행사·특정경제범죄가중처벌등에관한법률위반(사기)(피고인1에대하여일부인정된죄명:사기)·업무상횡령·특정경제범죄가중처벌등에관한법률위반(배임)·건설산업기본법위반·부동산실권리자명의등기에관한법률위반·특정경제범죄가중처벌등에관한법률위반(횡령)·사문서위조·정치자금법위반,대법원,2016.7.14.,2015도20233
구 조세범 처벌법  에서 말하는 ‘사기 기타 부정한 행위’의 의미 및 단순히 세법상의 신고를 하지 아니하거나 허위의 신고를 함에 그치는 행위가 여기에 해당하는지 여부형사소송에서 범죄사실에 관한 증명책임 소재 및 피고인에게 유죄를 인정하기 위한 증명의 정도피고인이 1978년경부터 갑 주식회사의 주식을 소유하면서 이를 을 병 등의 명의로 관리하다가 아들인 정 무에게 증여하였음에도 2004년 이후 허위의 소송을 제기하거나 국세청에 허위의 주주명부와 주권을 제출하는 등의 ‘사기 기타 부정한 행위’로써 늦어도 1991년 1994년경에 이미 증여한 것처럼 가장하는 방법으로 증여세를 포탈하였다고 하여 특정범죄 가중처벌 등에 관한 법률 위반으로 기소된 사안에서 피고인의 행위가 조세포탈죄에서 말하는 사기 기타 부정한 행위에 해당한다는 점을 검사가 증명하였다고 볼 수 없다고 한 사례,특정범죄가중처벌등에관한법률위반(조세),대법원,2018.6.19.,2015도3483
배임수재자가 배임증재자에게서 무상으로 빌려준 물건을 인도받아 사용하고 있던 중에 공무원이 되었는데 배임증재자가 배임수재자에게 뇌물공여의 뜻을 밝히고 물건을 계속하여 배임수재자가 사용할 수 있는 상태로 두는 경우 뇌물공여죄가 성립하는지 여부,특정범죄가중처벌등에관한법률위반(알선수재)·상법위반·공전자기록등불실기재·불실기재공전자기록등행사·변호사법위반·사기미수·배임증재·뇌물공여,대법원,2015.10.15.,2015도6232
보험계약자가 보험계약 체결 시 보험금액이 목적물의 가액을 현저하게 초과하는 초과보험 상태를 의도적으로 유발한 후 보험사고가 발생하자 초과보험 사실을 알지 못하는 보험자에게 목적물의 가액을 묵비한 채 보험금을 청구하여 교부받은 경우 보험금을 청구한 행위가 사기죄의 실행행위로서 기망행위에 해당하는지 여부,사기,대법원,2015.7.23.,2015도6905
국민건강보험법   국민건강보험 요양급여의 기준에 관한 규칙   보건복지가족부 고시인 ‘건강보험 행위 급여·비급여 목록표 및 상대가치점수’에 따른 영양사·조리사 가산금 선택 가산금 제도의 도입 취지  영양사·조리사가 요양기관 ‘소속’인지는 요양기관이 실질적으로 영양사 등을 고용하여 지휘·감독하고 있는지에 따라 판단하여야 하는지 여부 및 이때 고려하여야 할 사항,특정경제범죄가중처벌등에관한법률위반(사기)·사기·국민건강보험법위반,대법원,2016.1.14.,2015도9497
부당무신고가산세와 부당과소신고가산세에 공통되는 요건인 ‘부당한 방법’의 하나로 구 국세기본법 시행령   에서 정한 ‘사기 그 밖의 부정한 행위’의 의미 및 적극적 은닉의도가 나타나는 사정이 덧붙여지지 않은 채 단순히 세법상의 신고를 하지 아니하거나 허위의 신고를 함에 그치는 것이 이에 해당하는지 여부  납세자가 명의를 위장하여 소득을 얻은 경우 명의위장 사실만으로 구 국세기본법 시행령   에서 정한 ‘사기 그 밖의 부정한 행위’에 해당하는지 여부갑이 을 주식회사의 주식 일부를 병 등에게 명의신탁한 후 명의수탁자인 병 명의 주식의 양도에 관하여 양도소득세를 신고하지 아니하였고 명의신탁 주식과 관련된 이자 및 배당소득에 관하여 명의수탁자 명의로 종합소득세 신고를 하였는데 이에 대하여 관할 세무서장이 갑의 상속인들에게 양도소득세 부당무신고가산세 및 종합소득세 부당과소신고가산세 부과처분을 한 사안에서 조세포탈의 목적에서 비롯된 부정한 적극적인 행위로 볼 수 없다는 이유로 양도소득세 부당무신고가산세 부과처분 중 일반무신고가산세액을 초과하는 부분과 종합소득세 부당과소신고가산세 부과처분 중 일반과소신고가산세액을 초과하는 부분은 위법하다고 본 원심판단이 정당하다고 한 사례,상속세등부과처분취소,대법원,2017.4.13.,2015두44158
사기죄의 구성요건인 편취의 범의를 판단하는 기준  피고인이 피해자에게 불행을 고지하거나 길흉화복에 관한 어떠한 결과를 약속하고 기도비 등의 명목으로 대가를 교부받은 경우 사기죄에 해당하는지 여부,사기,대법원,2017.11.9.,2016도12460
피기망자가 처분행위의 의미나 내용을 인식하지 못하였으나 피기망자의 작위 또는 부작위가 직접 재산상 손해를 초래하는 재산적 처분행위로 평가되고 이러한 작위 또는 부작위를 피기망자가 인식하고 한 경우 사기죄의 처분행위에 상응하는 처분의사가 인정되는지 여부피기망자가 행위자의 기망행위로 인하여 착오에 빠진 결과 내심의 의사와 다른 효과를 발생시키는 내용의 처분문서에 서명 또는 날인함으로써 처분문서의 내용에 따른 재산상 손해가 초래된 경우 피기망자의 행위가 사기죄에서 말하는 처분행위에 해당하는지 여부  이때 피기망자가 처분결과 즉 문서의 구체적 내용과 법적 효과를 미처 인식하지 못하였으나 처분문서에 서명 또는 날인하는 행위에 관한 인식이 있었던 경우 피기망자의 처분의사가 인정되는지 여부피고인 등이 토지의 소유자이자 매도인인 피해자 갑 등에게 토지거래허가 등에 필요한 서류라고 속여 근저당권설정계약서 등에 서명·날인하게 하고 인감증명서를 교부받은 다음 이를 이용하여 갑 등의 소유 토지에 피고인을 채무자로 한 근저당권을 을 등에게 설정하여 주고 돈을 차용하는 방법으로 재산상 이익을 취득하였다고 하여 특정경제범죄 가중처벌 등에 관한 법률 위반 및 사기로 기소된 사안에서 갑 등의 행위는 사기죄에서 말하는 처분행위에 해당하고 갑 등의 처분의사가 인정됨에도 갑 등에게 그 소유 토지들에 근저당권 등을 설정하여 줄 의사가 없었다는 이유만으로 갑 등의 처분행위가 없다고 본 원심판결에 법리오해의 잘못이 있다고 한 사례,특정경제범죄가중처벌등에관한법률위반(사기)(예비적죄명:사기)·사기·사문서위조·위조사문서행사·공정증서원본불실기재·불실기재공정증서원본행사·횡령,대법원,2017.2.16.,2016도13362
통신사실확인자료 제공요청에 의하여 취득한 통화내역 등 통신사실확인자료를 범죄의 수사·소추를 위하여 사용하는 경우 대상 범죄가 통신사실확인자료 제공요청의 목적이 된 범죄 및 이와 관련된 범죄에 한정되는지 여부  여기서 ‘통신사실확인자료 제공요청의 목적이 된 범죄와 관련된 범죄’의 의미 및 범위,뇌물수수·뇌물공여·특정범죄가중처벌등에관한법률위반(뇌물)·특정경제범죄가중처벌등에관한법률위반(사기)·사기,대법원,2017.1.25.,2016도13489
구 시설물의 안전관리에 관한 특별법 의3에서 금지하는 ‘명의대여’의 의미  어떤 안전진단전문기관의 명의로 도급된 안전진단 용역의 전부 또는 대부분을 다른 사람이 맡아서 수행하였으나 안전진단전문기관 자신이 안전진단 용역에 실질적으로 관여할 의사로 수급하였고 용역 수행 과정에 실질적으로 관여하여 온 경우 명의대여에 해당하는지 여부 및 이때 안전진단전문기관이 안전진단 용역의 수행에 실질적으로 관여하였는지 판단하는 기준사기죄의 성립 요건  사기죄의 주관적 구성요건인 불법영득의 의사 내지 편취의 범의 유무를 판단하는 기준 및 특히 도급계약에서 편취의 범의가 있었는지 판단하는 기준 시점과 판단 방법사기죄의 보호법익  기망행위에 의하여 국가적 또는 공공적 법익이 침해되었다는 사정만으로 사기죄가 성립하는지 여부  도급계약 당시 관련 영업 또는 업무를 규제하는 행정법규나 입찰 참가자격 계약절차 등에 관한 규정을 위반한 사정만으로 도급계약을 체결한 행위가 기망행위에 해당한다고 단정할 수 있는지 여부 및 이때 심리ㆍ판단하여야 할 사항안전진단전문기관으로 등록된 갑 주식회사를 운영하는 피고인 을이 안전진단 용역을 낙찰받으면 나머지 피고인들이 운영하는 독립채산 하도급 업체들에 도급금액의 약 60%로 하도급하기로 나머지 피고인들과 공모한 다음 갑 회사 명의로 다수의 안전진단 용역 입찰에 참가하여 마치 갑 회사가 해당 용역을 수행할 것처럼 가장하여 안전진단 용역을 낙찰받은 후 위 하도급 업체들에 하도급을 주어 용역을 수행하게 하고 발주처로부터 용역대금을 교부받아 편취하였다는 내용으로 기소된 사안에서 구 시설물의 안전관리에 관한 특별법상 하도급 제한 규정을 위반한 사정만으로 곧바로 사기죄의 보호법익인 재산권을 침해하였다고 단정할 수 없고 검사가 제출한 증거만으로는 피고인들이 발주처로부터 용역대금을 지급받은 행위가 사기죄에서의 기망행위로 인한 재물의 편취에 해당한다고 보기 어렵다고 한 사례,특정경제범죄가중처벌등에관한법률위반(사기)ㆍ사기ㆍ시설물의안전관리에관한특별법위반ㆍ뇌물공여,대법원,2021.10.14.,2016도16343
확정판결 전의 공소사실과 확정판결 후의 공소사실에 대하여 따로 유죄를 선고하여 두 개의 형을 정한 제1심판결에 대하여 피고인만이 확정판결 전의 유죄판결 부분에 대하여 항소한 경우 항소심이 심리·판단하여야 할 범위피고인을 금고 이상의 형에 처한 판결이 확정된 후 확정판결 전의 사기범행에 대해 징역 2년을 확정판결 후의 산지관리법위반 등 범행에 대해 징역 6월에 집행유예 2년을 선고한 제1심판결에 대하여 피고인만이 확정판결 전 범행인 사기 부분에 한하여 항소한 사안에서 이미 유죄로 확정된 산지관리법위반죄 등 부분까지 다시 심리하여 판결로 산지관리법위반죄 등에 대한 피고인의 항소를 기각한 원심판결 부분에 잘못이 있어 이 부분을 파기하되 이 부분은 원심에 환송할 수 없고 상고심이 이를 파기하는 것으로 충분하다고 한 사례,사기·산지관리법위반·공무상표시무효·부동산실권리자명의등기에관한법률위반,대법원,2018.3.29.,2016도18553
검사가 공소사실의 일부인 범죄일람표를 전자문서로 작성한 다음 저장매체 자체를 서면인 공소장에 첨부하여 제출한 경우 공소제기의 효력 범위  검사가 전자문서나 저장매체를 이용하여 공소를 제기한 경우 법원이 취할 조치,사기,대법원,2017.2.15.,2016도19027
구 소비자생활협동조합법   에서 정한 ‘거짓 또는 부정한 방법으로 등기를 한 때’의 의미 및 설립인가를 거짓 기타 부정한 방법으로 받은 다음 정당하게 설립인가를 받은 것처럼 가장하여 설립등기를 신청하여 설립등기를 한 경우가 이에 포함되는지 여부,특정경제범죄가중처벌등에관한법률위반(사기)·사기·의료법위반·소비자생활협동조합법위반·근로기준법위반·근로자퇴직급여보장법위반,대법원,2017.4.7.,2016도19980
형법상 강제집행면탈죄의 객체  의료법에 의하여 적법하게 개설되지 아니한 의료기관에서 요양급여가 행하여진 경우 국민건강보험법상 요양급여비용을 청구할 수 있는지 여부 및 위 요양급여비용 채권이 강제집행면탈죄의 객체가 되는지 여부,특정경제범죄가중처벌등에관한법률위반(사기)·사기·강제집행면탈·의료법위반·소비자생활협동조합법위반,대법원,2017.4.26.,2016도19982
채무자 회생 및 파산에 관한 법률 시행 전에는 구 개인채무자회생법 에서 정한 개인회생절차의 개시를 신청할 자격이 없던 개인채무자가 채무자 회생 및 파산에 관한 법률 시행 전후에 걸쳐서 각각 구 개인채무자회생법  각 호의 사기개인회생죄 및 구 채무자 회생 및 파산에 관한 법률   각 호의 사기회생죄에서 정한 행위를 하고 구 채무자 회생 및 파산에 관한 법률 시행 후에 그 채무자에 대하여 회생절차개시의 결정이 확정된 경우 그 시행 전의 행위를 사기개인회생죄나 사기회생죄로 처벌할 수 있는지 여부 및 채무자 회생 및 파산에 관한 법률 시행 후의 행위와 포괄하여 일죄를 구성하는지 여부,특정경제범죄가중처벌등에관한법률위반(사기)(일부인정된죄명:사기)·특정범죄가중처벌등에관한법률위반(조세)·채무자회생및파산에관한법률위반·조세범처벌법위반·사문서위조·위조사문서행사·특정경제범죄가중처벌등에관한법률위반(횡령),대법원,2016.10.13.,2016도8347
제6차 개정 신용장통일규칙 에서 정한 ‘매입’의 의미와 방법 및 중개무역업자의 거래은행이 이른바 백투백신용장을 개설하면서 주신용장의 매입에 관한 약정을 체결한 것이 신용장 매입 방법 중 하나인 ‘현실적인 대가 지급을 갈음할 수 있는 무조건적인 대가 지급채무를 부담하는 것’에 해당하는지 여부일람출급 취소불능 화환신용장의 매입은행이 수익자에게 신용장 매입대금을 지급하여야 하는 시기은행에 의한 신용장 매입이 적법하지 않은 경우 신용장 개설은행이 신용장 거래에서 수익자의 사기행위가 밝혀졌다는 이유로 신용장의 만기에 서류를 제시한 위 은행에 대하여 신용장대금의 지급을 거절할 수 있는지 여부,신용장대금청구의소,대법원,2017.11.14.,2017다216776
금원 편취를 내용으로 하는 사기죄에서 대가가 일부 지급되거나 담보가 제공된 경우의 편취액기업의 부실 재무제표 제출로 인한 기망행위와 금융기관의 여신 결정 사이에 인과관계가 단절되는지를 판단할 때 고려하여야 할 사항자본시장과 금융투자업에 관한 법률   에서 정한 ‘부정한 수단 계획 또는 기교’의 의미자본시장과 금융투자업에 관한 법률   단서 및 에서 정한 ‘위반행위로 얻은 이익’의 의미 및 이익의 산정 방법,특정경제범죄가중처벌등에관한법률위반(배임)·특정경제범죄가중처벌등에관한법률위반(사기)(피고인2에대하여일부인정된죄명:사기)·주식회사의외부감사에관한법률위반·자본시장과금융투자업에관한법률위반,대법원,2017.12.22.,2017도12649
형사소송법  에서 규정한 ‘기타 특히 신용할 만한 정황에 의하여 작성된 문서’의 의미 및 이른바 보험사기 사건에서 건강보험심사평가원이 수사기관의 의뢰에 따라 그 보내온 자료를 토대로 입원진료의 적정성에 대한 의견을 제시하는 내용의 ‘건강보험심사평가원의 입원진료 적정성 여부 등 검토의뢰에 대한 회신’이 이에 해당하는지 여부,사기,대법원,2017.12.5.,2017도12671
사기죄의 요건인 ‘기망’ 중 부작위에 의한 기망의 의미  보험계약자가 보험자와 보험계약을 체결하면서 상법상 고지의무를 위반한 행위가 보험금 편취를 위한 고의의 기망행위에 해당하기 위한 요건 및 특히 상해·질병보험계약을 체결하는 보험계약자가 보험사고 발생의 개연성이 농후함을 인식하였는지 판단하는 기준,사기,대법원,2017.4.26.,2017도1405
사기죄의 성립 요건  사기죄의 주관적 구성요건인 불법영득의 의사 내지 편취의 범의 유무를 판단하는 기준  도급계약에 따른 일의 대가 등 편취에 의한 사기죄에서 편취의 고의가 있었는지 판단하는 방법 및 기준 시점  기망행위에 의하여 국가적 또는 공공적 법익이 침해되었다는 사정만으로 사기죄가 성립하는지 여부  도급계약이나 물품구매 조달계약 체결 당시 관련 영업 또는 업무를 규제하는 행정법규나 입찰 참가자격 계약절차 등에 관한 규정을 위반한 사정만으로 도급계약을 체결한 행위가 기망행위에 해당한다고 단정할 수 있는지 여부 및 이때 심리·판단하여야 할 사항피고인이 설립한 갑 주식회사는 설립 자본금을 가장납입하고 자격증 대여자를 보유 건설기술자로 등록하는 등 자본금 요건과 기술자 보유 요건을 가장하여 전문건설업을 부정 등록한 무자격 건설업자로 전문공사를 하도급받을 수 없었음에도 이를 바탕으로 공사 발주기관을 기망하여 특허 사용협약을 체결하고 해당 공사를 낙찰받은 건설회사 담당자를 기망하여 하도급 계약을 체결한 후 각 계약들에 따른 공사대금을 지급받아 편취하였다는 이유로 특정경제범죄 가중처벌 등에 관한 법률 위반 및 사기죄로 기소된 사안에서 피고인이 발주기관 또는 건설회사들로부터 공사대금을 지급받은 행위가 사기죄에서의 기망행위로 인한 재물의 편취에 해당한다고 보기 어려우므로 이와 달리 공소사실을 유죄로 본 원심판단에 법리오해의 잘못이 있다고 한 사례,특정경제범죄가중처벌등에관한법률위반(사기)·특정경제범죄가중처벌등에관한법률위반(횡령)·상법위반·공전자기록등불실기재·불실기재공전자기록등행사·국가기술자격법위반·건설산업기본법위반·위계공무집행방해·범죄수익은닉의규제및처벌등에관한법률위반·뇌물공여·사기·부정처사후수뢰·공전자기록등위작·위작공전자기록등행사·허위공문서작성·허위작성공문서행사·뇌물수수·제3자뇌물수수·특정범죄가중처벌등에관한법률위반(알선수재)·직권남용권리행사방해·부패방지및국민권익위원회의설치와운영에관한법률위반·공무상비밀누설·제3자뇌물취득,대법원,2023.1.12.,2017도14104
자격모용에 의한 사문서작성죄의 성립요건  대표자 또는 대리인의 자격으로 임대차 등 계약을 하는 경우 위 죄의 성립에 필요한 대표 또는 대리관계의 표시 정도 및 판단 방법피고인이 갑 주식회사 소유의 오피스텔에 대한 분양대행 권한을 가지게 되었을 뿐 갑 회사의 동의 없이 오피스텔을 임대할 권한이 없는데도 임차인들과 임대차계약을 체결하면서 갑 회사가 분양사업을 위해 만든 을 회사 명의로 계약서를 작성·교부하였는데 임대차계약서에는 임대인 성명이 ‘을 회사’로 기재되어 대표자 또는 대리인의 자격 표시가 없고 또 피고인의 개인 도장이 찍혀있는 사안에서 피고인의 행위가 자격모용사문서작성과 자격모용작성사문서행사에 해당된다고 한 사례,사기·사문서위조(일부변경된죄명:자격모용사문서작성)·위조사문서행사(일부변경된죄명:자격모용작성사문서행사),대법원,2017.12.22.,2017도14560
형사소송법  에서 정한 ‘형의 가중 감면의 이유되는 사실’의 의미 및 피해회복에 관한 주장을 유죄판결에 반드시 명시하여야 하는지 여부형사소송법  에서 정한 ‘원판결이 인정한 죄보다 경한 죄를 인정할 경우’의 의미 및 원판결에서 인정한 죄 자체에는 변함이 없고 양형상 자료에 변동을 가져올 사유에 불과한 것이 여기에 해당하는지 여부,사기,대법원,2017.11.9.,2017도14769
횡령죄의 주체인 ‘타인의 재물을 보관하는 자’의 의미 및 이에 해당하는지 판단하는 기준송금의뢰인이 다른 사람의 예금계좌에 자금을 송금·이체하여 송금의뢰인과 계좌명의인 사이에 송금·이체의 원인이 된 법률관계가 존재하지 않음에도 송금·이체에 의하여 계좌명의인이 그 금액 상당의 예금채권을 취득한 경우 계좌명의인이 그와 같이 송금·이체된 돈을 그대로 보관하지 않고 영득할 의사로 인출하면 횡령죄가 성립하는지 여부  계좌명의인이 개설한 예금계좌가 전기통신금융사기 범행에 이용되어 그 계좌에 피해자가 사기피해금을 송금·이체한 경우 계좌명의인이 그 돈을 영득할 의사로 인출하면 피해자에 대한 횡령죄가 성립하는지 여부 및 이때 계좌명의인의 인출행위가 전기통신금융사기의 범인에 대한 관계에서도 횡령죄가 되는지 여부피고인 갑 을이 공모하여 피고인 갑 명의로 개설된 예금계좌의 접근매체를 보이스피싱 조직원 병에게 양도함으로써 병의 정에 대한 전기통신금융사기 범행을 방조하고 사기피해자 정이 병에게 속아 위 계좌로 송금한 사기피해금 중 일부를 별도의 접근매체를 이용하여 임의로 인출함으로써 주위적으로는 병의 재물을 예비적으로는 정의 재물을 횡령하였다는 내용으로 기소되었는데 원심이 피고인들에 대한 사기방조 및 횡령의 공소사실을 모두 무죄로 판단한 사안에서 피고인들에게 사기방조죄가 성립하지 않는 이상 사기피해금 중 일부를 임의로 인출한 행위는 사기피해자 정에 대한 횡령죄가 성립한다고 한 사례,사기방조·횡령,대법원,2018.7.19.,2017도17494
사기죄의 구성요건 중 ‘기망’의 의미 및 고지의무 위반이 거래의 상대방을 기망한 것이 되어 사기죄를 구성하는 경우사기죄의 주관적 구성요건인 편취의 고의를 판단하는 기준 및 차용금 편취의 고의를 인정할 수 있는 경우피고인이 갑 저축은행에 대출을 신청하여 심사를 받을 당시 동시에 다른 저축은행에 대출을 신청한 상태였는데도 갑 저축은행으로부터 다른 금융회사에 동시에 진행 중인 대출이 있는지에 대하여 질문을 받자 ‘없다’고 답변하였고 갑 저축은행으로부터 대출을 받은 지 약 6개월 후에 신용회복위원회에 대출 이후 증가한 채무를 포함하여 프리워크아웃을 신청한 사안에서 피고인에 대한 사기 공소사실을 무죄라고 판단한 원심판결에 사기죄에서 기망행위 기망행위와 처분행위 사이의 인과관계와 편취의 고의에 관한 법리를 오해한 잘못이 있다고 한 사례,사기,대법원,2018.8.1.,2017도20682
전기통신금융사기의 범인이 피해자를 기망하여 피해자의 돈을 사기이용계좌로 송금·이체받은 후에 사기이용계좌에서 현금을 인출한 행위가 사기의 피해자에 대하여 따로 횡령죄를 구성하는지 여부 및 이러한 법리는 사기범행에 이용되리라는 사정을 알고서도 자신 명의 계좌의 접근매체를 양도함으로써 사기범행을 방조한 종범이 사기이용계좌로 송금된 피해자의 돈을 임의로 인출한 경우에도 마찬가지로 적용되는지 여부,횡령·사기방조·전자금융거래법위반·사기,대법원,2017.5.31.,2017도3045
비의료인과 의료인이 동업 등의 약정을 하여 의료기관을 개설한 행위가 구 의료법에 의하여 금지되는 ‘비의료인의 의료기관 개설행위’에 해당하는지 판단하는 기준의료인이 비의료인의 의료기관 개설행위에 공모하여 가공한 경우 구 의료법      위반죄의 공동정범에 해당하는지 여부,보건범죄단속에관한특별조치법위반(부정의료업자)·특정경제범죄가중처벌등에관한법률위반(사기)(일부인정된죄명:사기)·의료법위반,대법원,2017.4.7.,2017도378
피해자에 대한 사기범행을 실현하는 수단으로서 타인을 기망하여 그를 피해자로부터 편취한 재물이나 재산상 이익을 전달하는 도구로서만 이용한 경우 피해자에 대한 사기죄 외에 도구로 이용된 타인에 대한 사기죄가 별도로 성립하는지 여부전기통신금융사기의 범인이 피해자를 기망하여 피해자의 자금을 사기이용계좌로 송금·이체받은 후 사기이용계좌에서 현금을 인출한 행위가 사기의 피해자에 대하여 별도의 횡령죄를 구성하는지 여부 및 이러한 법리는 사기범행에 이용되리라는 사정을 알고서 자신 명의 계좌의 접근매체를 양도함으로써 사기범행을 방조한 종범이 사기이용계좌로 송금된 피해자의 자금을 임의로 인출한 경우에도 마찬가지로 적용되는지 여부,사기·컴퓨터등사용사기·전기통신금융사기피해방지및피해금환급에관한특별법위반·전자금융거래법위반·사기방조·횡령,대법원,2017.5.31.,2017도3894
피고인들이 불특정 다수의 피해자들에게 전화하여 금융기관 등을 사칭하면서 신용등급을 올려 낮은 이자로 대출을 해주겠다고 속여 신용관리비용 명목의 돈을 송금받아 편취할 목적으로 보이스피싱 사기 조직을 구성하고 이에 가담하여 조직원으로 활동함으로써 범죄단체를 조직하거나 이에 가입·활동하였다는 내용으로 기소된 사안에서 위 보이스피싱 조직은 형법상의 범죄단체에 해당하고 조직의 업무를 수행한 피고인들에게 범죄단체 가입 및 활동에 대한 고의가 인정되며 피고인들의 사기범죄 행위가 범죄단체 활동에 해당한다고 본 원심판단을 수긍한 사례피고인들이 보이스피싱 사기 범죄단체의 구성원으로 활동하면서 사기범죄의 피해자들로부터 제3자 명의의 계좌로 돈을 송금받는 방법으로 범죄수익 등의 취득에 관한 사실을 가장하였다고 하여 범죄수익은닉의 규제 및 처벌 등에 관한 법률 위반으로 기소된 사안에서 피고인들이 피해자들로부터 자신 또는 공범들의 계좌와 전혀 무관한 제3자 명의의 계좌로 송금받는 행위는 범죄수익 취득을 가장하는 행위에 해당하고 이와 같은 범죄수익 은닉행위에 대한 고의도 있다고 본 원심판단을 수긍한 사례피고인들이 보이스피싱 사기 범죄단체의 구성원으로 활동하면서 사기범죄의 피해자들로부터 취득한 범죄수익에 대하여 범죄수익은닉의 규제 및 처벌 등에 관한 법률에 따라 추징이 선고된 사안에서 위 범죄단체활동죄에 의한 범죄수익은 같은 법   별표 제1의 목  목    에 의하여 각 추징의 대상이 되고 그 범죄수익이 사기죄의 피해자로부터 취득한 재산에 해당하여도 마찬가지라고 본 원심판단을 수긍한 사례피고인이 보이스피싱 사기 범죄단체에 가입한 후 사기범죄의 피해자들로부터 돈을 편취하는 등 그 구성원으로서 활동하였다는 내용의 공소사실이 유죄로 인정된 사안에서 범죄단체 가입행위 또는 범죄단체 구성원으로서 활동하는 행위와 사기행위는 각각 별개의 범죄구성요건을 충족하는 독립된 행위이고 서로 보호법익도 달라 법조경합 관계로 목적된 범죄인 사기죄만 성립하는 것은 아니라고 본 원심판단을 수긍한 사례,사기,대법원,2017.10.26.,2017도8600
구 국세기본법 의2  의 장기 부과제척기간에서 말하는 ‘부정한 행위’ 의3  의 부당과소신고가산세에서 말하는 ‘부당한 방법’에 납세자 본인의 부정한 행위 외에 그 대리인이나 사용인 그 밖의 종업원의 부정한 행위도 포함되는지 여부  납세자 본인이 사용인 등의 부정한 행위를 방지하기 위하여 상당한 주의 또는 관리ㆍ감독을 게을리하지 않은 경우 납세자 본인에게 해당 국세에 관하여 부과제척기간을 연장하고 중과세율이 적용되는 부당과소신고가산세를 부과할 수 있는지 여부법인의 대표자나 사실상 대표자가 아닌 사용인 등의 부정한 행위가 납세자 본인의 이익이나 의사에 반하여 자기 또는 제3자의 이익을 도모할 목적으로 납세자를 피해자로 하는 사기 배임 등 범행의 일환으로 행하여지고 거래 상대방이 이에 가담하는 등으로 인하여 납세자가 이들의 부정한 행위를 쉽게 인식하거나 예상할 수 없었던 경우 사용인 등의 배임적 부정한 행위로 인한 과소신고에 대하여 납세자에게 부정한 행위를 이유로 구 국세기본법 의3  의 중과세율을 적용한 부당과소신고가산세의 제재를 가할 수 있는지 여부 및 사용인 등의 배임적 부정행위가 같은 법 의2  의 장기 부과제척기간에서 말하는 부정한 행위에 포함되는지 여부,법인세등부과처분취소,대법원,2021.2.18.,2017두38959
구 국세기본법 의2  의 입법 취지  구 국세기본법 의2  가 정한 ‘사기 기타 부정한 행위’의 의미 및 다른 행위를 수반함이 없이 단순히 세법상의 신고를 하지 아니하거나 허위의 신고를 함에 그치는 것이 이에 해당하는지 여부  납세자가 명의를 위장하여 소득을 얻는 경우 명의위장 사실만으로 구 국세기본법 의2  에서 정한 ‘사기 기타 부정한 행위’에 해당한다고 볼 수 있는지 여부갑이 을 등에게 명의신탁한 비상장법인 병 주식회사의 주식 일부를 자신 명의로 보유하고 있던 주식과 함께 정에게 양도하고 각 주식 명의자들의 명의로 양도소득세를 신고하였는데 과세관청이 명의신탁된 주식에 대하여 지급된 배당금이 실질적으로 갑에게 귀속되었다는 이유로 종합소득세 부과처분을 갑이 양도한 주식의 가액을 과소신고하였다는 이유로 양도소득세 부과처분을 한 사안에서 갑의 주식 명의신탁 행위와 이에 뒤따르는 부수행위를 조세포탈의 목적에서 비롯된 부정한 적극적인 행위로 볼 수 없으므로 위 종합소득세와 양도소득세의 부과제척기간은 구 국세기본법 의2  에 따라 5년으로 봄이 타당하다고 한 사례,종합소득세등부과처분취소,대법원,2018.3.29.,2017두69991
보험약관의 해석 원칙갑 공인중개사협회와 을 보험회사가 피보험자를 ‘갑 협회 및 소속 회원’으로 하는 전문직업인배상책임보험계약을 체결하면서 ‘보험금이 지급되어 을 회사가 피보험자의 대위권을 계승하더라도 피보험자 임직원의 부정 사기 범죄 또는 악의적 행위 악의적 탈루로 인한 손해가 아닌 경우 피보험자의 임직원에 대한 대위권 행사를 포기한다’는 내용의 보통약관 조항과 ‘이 보험은 사고나 손해를 야기한 제3자에 대한 대위권을 행사하지 그러나 사고나 손해가 제3자의 고의적인 행위나 고의적인 과실에 직·간접적으로 기인한 경우에는 그러하지 아니하다’는 내용의 특별약관 조항을 두었는데 특별약관 조항이 보통약관 조항에 우선 적용되어 피보험자의 임직원 또한 특별약관 조항의 ‘제3자’에 포함되는지 문제 된 사안에서 제반 사정에 비추어 피보험자의 임직원에게는 보통약관 조항이 적용되고 피보험자의 임직원을 제외한 제3자에게는 특별약관 조항이 적용된다고 보는 것이 타당함에도 이와 달리 피보험자의 임직원에게도 특별약관 조항이 적용됨을 전제로 판단한 원심판결에 법리오해의 잘못이 있다고 한 사례,구상금,대법원,2019.3.14.,2018다260930
‘소송사기’의 의미 및 소송사기죄를 인정할 때 유의할 사항  소송사기죄가 성립하기 위한 요건갑 주식회사 대표이사인 피고인이 11.경 갑 회사에 입사하였다가 퇴직한 근로자 을을 상대로 12.부터 4.까지 포괄일급에 포함하여 이미 지급한 퇴직적립금에 대하여 부당이득반환청구 소송을 제기하면서 1.자 근로계약서의 일급란 기재 금액을 변조하여 증거자료로 제출한 사안에서 갑 회사는 을에게 포괄일급에 일급의 8.3%에 해당하는 퇴직적립금을 포함하여 임금을 지급하였는데 을의 퇴사 후 위와 같이 을에게 지급된 퇴직적립금이 퇴직금 지급으로서의 효력이 없다는 자문을 받고 별도로 퇴직금 전액을 지급하였으므로 피고인이 부당이득반환의 소를 제기한 것은 정당한 권리행사의 일환이라는 등의 이유로 이와 달리 보아 피고인에게 사기미수죄를 인정한 원심판결에 소송사기의 법리를 오해한 잘못이 있다고 한 사례,사문서변조·변조사문서행사·사기미수,대법원,2018.12.28.,2018도13305
피고인에 대한 공판기일 소환은 형사소송법이 정한 소환장의 송달 또는 이와 동일한 효력이 있는 방법에 의하여야 하는지 여부피고인이 원심 공판기일에 불출석하자 검사가 피고인과 통화하여 피고인이 변호인으로 선임한 갑 변호사의 사무소로 송달을 원하고 있음을 확인하고 피고인의 주소를 갑 변호사 사무소로 기재한 주소보정서를 원심에 제출하였는데 그 후 갑 변호사가 사임하고 새로이 을 변호사가 변호인으로 선임된 사안에서 원심이 피고인에 대한 공판기일소환장 등을 갑 변호사 사무소로 발송하여 그 사무소 직원이 수령하였더라도 형사소송법이 정한 적법한 방법으로 피고인의 소환이 이루어졌다고 볼 수 없다고 한 사례,사기,대법원,2018.11.29.,2018도13377
2인 이상이 저작물의 작성에 관여한 경우 저작자가 누구인지 판단하는 기준  미술저작물의 창작과정에 복수의 사람이 관여되어 있는 경우 어느 과정에 어느 정도 관여하여야 창작적인 표현형식에 기여한 자로서 저작자로 인정되는지에 대한 사법심사 기준사기죄의 요건으로서 ‘부작위에 의한 기망’의 의미 및 이때 법률상 고지의무가 인정되는 범위  법률상 고지의무의 근거가 되는 거래의 내용이나 거래관행 등 거래실정에 관한 사실을 주장·증명할 책임의 소재피고인이 화가 갑에게 돈을 주고 자신의 기존 콜라주 작품을 회화로 그려오게 하거나 자신이 추상적인 아이디어만 제공하고 이를 갑이 임의대로 회화로 표현하게 하는 등의 작업을 지시한 다음 갑으로부터 완성된 그림을 건네받아 경미한 작업만 추가하고 자신의 서명을 하였음에도 위와 같은 방법으로 그림을 완성한다는 사실을 고지하지 아니하고 사실상 갑 등이 그린 그림을 마치 자신이 직접 그린 친작인 것처럼 전시하여 피해자들에게 그림을 판매하고 대금 상당의 돈을 편취하였다는 내용으로 기소된 사안에서 피해자들이 위 미술작품을 피고인의 친작으로 착오한 상태에서 구매한 것이라고 단정하기 어렵다고 보아 피고인에게 무죄를 선고한 원심판단을 수긍한 사례,사기,대법원,2020.6.25.,2018도13696
법률에 사용된 문언의 의미를 해석하는 방법구 국민건강보험법   에서 정한 ‘보험급여’를 의료기관 등이 보험급여를 실시한 대가에 대하여 국민건강보험공단이 지급하는 비용 즉 ‘보험급여비용’까지 포괄하는 의미로 해석할 수 있는지 여부,의료법위반(피고인2에대하여인정된죄명:의료법위반방조)·국민건강보험법위반(피고인2에대하여인정된죄명:국민건강보험법위반방조)·특정경제범죄가중처벌등에관한법률위반(사기),대법원,2018.6.15.,2018도2615
유기치사죄의 성립 요건  유기죄에 관한 형법  에서 말하는 ‘법률상 보호의무’에 부부간의 부양의무가 포함되는지 여부,유기치사(선택적죄명:살인)·사기·사기미수,대법원,2018.5.11.,2018도4018
법원이 공소장 변경절차를 거치지 않고 공소사실과 다르게 사실을 인정하기 위한 요건  단독범으로 기소된 것을 공소장 변경 없이 공동정범으로 인정할 수 있는 경우사회복지법인 갑 재단의 명의로 설립된 장기요양기관 을 요양원의 원장인 피고인이 갑 재단과 을 요양원을 운영하면서 요양보호사나 물리치료사를 허위로 등록하거나 소속 요양보호사의 근무시간을 허위로 등록하고 을 요양원에 정원을 초과한 인원을 수용하였는데도 이를 신고하지 않는 방법으로 노인장기요양보험법령에서 정한 결원비율과 정원초과 등에 따른 감산율을 적용하지 않은 채 피해자 국민건강보험공단에 허위로 급여비용을 청구하여 이를 편취하였다고 하여 특정경제범죄 가중처벌 등에 관한 법률 위반의 단독범으로 기소되었는데 원심은 피고인이 남편 병이 사망한 시점까지는 병과 함께 실질적으로 을 요양원을 운영하면서 공모하여 위 공단을 상대로 사기 범행을 저질렀고 그 후에는 피고인이 단독으로 을 요양원을 운영하면서 사기 범행을 계속 저질렀다고 보아 공소사실 중 피고인이 갑 재단의 대표이사로 취임하기 이전 즉 병이 살아 있는 동안의 범행에 관해서는 공소장 변경 없이 피고인을 병과 공동정범으로 인정한 사안에서 원심의 판단이 정당하다고 한 사례,특정경제범죄가중처벌등에관한법률위반(사기)·업무상횡령,대법원,2018.7.12.,2018도5909
국세기본법  에서 정한 실질과세 원칙의 의미  실질과세의 원칙이 거주자나 내국법인이 우리나라의 조세를 회피하기 위하여 조세피난처에 외형뿐인 ‘기지회사’를 설립하고 법인 형식만을 이용하는 국제거래에 적용될 수 있는지 여부법인의 출자자가 사외유출된 법인의 소득을 확정적으로 자신에게 귀속시킨 경우 출자자에 대한 배당소득에 해당하는 것으로 추인할 수 있는지 여부국세부과의 제척기간이 지난 다음에 이루어진 부과처분의 효력구 국세기본법 의2  에서 정한 ‘사기 기타 부정한 행위’의 의미 및 납세자가 명의를 위장하여 소득을 얻은 경우 명의위장 사실만으로 위 ‘사기 기타 부정한 행위’에 해당하는지 여부‘갑이 홍콩에 설립한 법인의 자금을 영국령 버진아일랜드에 설립한 법인들에 송금하거나 차명주주가 배당소득을 대신 수령하는 등의 방법으로 소득세를 포탈하였다’는 이유로 관할 세무서장이 갑에게 종합소득세 부과처분을 한 사안에서 갑이 1999년·2000년에 ‘대한민국과 미합중국 간의 소득에 관한 조세의 이중과세 회피와 탈세방지 및 국제무역과 투자의 증진을 위한 협약’  에 따라 미국의 거주자로 간주되므로 홍콩 법인들로부터 차명주주 명의로 1999년·2000년에 지급받은 배당금은 국외원천소득에 해당하여 과세할 수 없다고 본 원심판단을 정당하다고 한 사례하나의 납세고지서에 본세와 가산세를 함께 부과할 때 및 여러 종류의 가산세를 함께 부과하는 경우 납세고지서의 기재 방식  본세와 가산세 각각의 세액과 산출근거 및 가산세 상호 간의 종류별 세액과 산출근거 등을 구분하여 기재하지 않은 채 본세와 가산세의 합계액 등만을 기재한 경우 과세처분이 위법한지 여부,종합소득세부과처분취소,대법원,2018.12.13.,2018두128
구 국세기본법 의2  에서 정한 ‘사기 기타 부정한 행위’의 의미 및 단순히 세법상 신고를 하지 않거나 허위의 신고를 한 행위가 이에 해당하는지 여부명의를 위장하여 소득을 얻는 행위가 구 국세기본법 의2  에서 정한 ‘사기 기타 부정한 행위’에 해당하는 경우,부당이득금,대법원,2020.8.20.,2019다301623
피고인이 절도죄 등으로 벌금형의 약식명령을 발령받은 후 정식재판을 청구하였는데 제1심법원이 위 정식재판청구 사건을 통상절차에 의해 공소가 제기된 다른 점유이탈물횡령 등 사건들과 병합한 후 각 죄에 대해 모두 징역형을 선택한 다음 경합범으로 처단한 징역형을 선고하자 피고인과 검사가 각 양형부당을 이유로 항소한 사안에서 제1심판결 중 위 정식재판청구 사건 부분에 형사소송법 의2 에서 정한 형종 상향 금지의 원칙을 위반한 잘못이 있고 제1심판결에 대한 피고인과 검사의 항소를 모두 기각함으로써 이를 그대로 유지한 원심판결에도 형사소송법 의2 을 위반한 잘못이 있다고 한 사례,점유이탈물횡령·절도·사기·여신전문금융업법위반·사기미수·컴퓨터등사용사기·야간건조물침입절도,대법원,2020.1.9.,2019도15700
형법 에서 정한 ‘범죄를 목적으로 하는 단체’의 의미형법 에서 정한 ‘범죄를 목적으로 하는 집단’의 의미와 요건피고인 갑은 무등록 중고차 매매상사를 운영하면서 피해자들을 기망하여 중고차량을 불법으로 판매해 금원을 편취할 목적으로 외부사무실 등에서 범죄집단을 조직·활동하고 피고인 갑 을을 제외한 나머지 피고인들은 범죄집단에 가입·활동하였다는 내용으로 기소된 사안에서 위 외부사무실은 특정 다수인이 사기범행을 수행한다는 공동목적 아래 구성원들이 대표 팀장 출동조 전화상담원 등 정해진 역할분담에 따라 행동함으로써 사기범행을 반복적으로 실행하는 체계를 갖춘 결합체 즉 형법 의 ‘범죄를 목적으로 하는 집단’에 해당한다고 한 사례,범죄단체조직·범죄단체가입·범죄단체활동·사기·사기방조·자동차관리법위반·위증,대법원,2020.8.20.,2019도16263
검사가 기명날인 또는 서명이 없는 상태로 공소장을 관할법원에 제출한 경우 공소제기의 효력 및 이때 검사가 공소장에 기명날인 또는 서명을 추후 보완하는 등의 방법으로 공소제기가 유효하게 될 수 있는지 여부,사기,대법원,2021.12.16.,2019도17150
기망행위에 의하여 국가적 또는 공공적 법익을 침해하는 경우 형법상 사기죄가 성립하기 위한 요건  중앙행정기관의 장 지방자치단체의 장 등 법률에 따라 금전적 부담의 부과권한을 부여받은 자가 재화 또는 용역의 제공과 관계없이 특정 공익사업과 관련하여 권력작용으로 부담금을 부과하는 침해행정 영역에서 일반 국민이 담당 공무원을 기망하여 권력작용에 의한 재산권 제한을 면하는 경우 사기죄가 성립하는지 여부,사기,대법원,2019.12.24.,2019도2003
부정무신고가산세와 부정과소신고가산세에 관한 구 국세기본법 의2  및 의3   등에 규정된 ‘사기 그 밖의 부정한 행위’ 또는 ‘부정행위’의 의미 및 납세자가 명의를 위장하여 소득을 얻은 경우 명의위장 사실만으로 위 규정들에서 정한 ‘사기 그 밖의 부정한 행위’ 또는 ‘부정행위’에 해당한다고 볼 수 있는지 여부,양도소득세부과처분취소,대법원,2020.12.10.,2019두58896
소송촉진 등에 관한 특례법  에 따른 배상명령제도의 취지  같은 법  에서 정한 ‘다른 절차에 따른 손해배상청구’의 의미 및 이에 해당하는 경우 법원이 취할 조치,사기,대법원,2022.7.28.,2020도12279
금전채권채무 관계에서 채무자가 채권자에 대하여 ‘타인의 사무를 처리하는 자’에 해당하는지 여부  채무자가 금전채무를 담보하기 위하여 ‘자동차 등 특정동산 저당법’ 등에 따라 그 소유의 동산에 관하여 채권자에게 저당권을 설정해 주기로 약정하거나 저당권을 설정한 경우 채권자에 대한 관계에서 배임죄의 주체인 ‘타인의 사무를 처리하는 자’에 해당하는지 여부 및 이때 채무자가 담보물을 제3자에게 처분하는 등으로 담보가치를 감소 또는 상실시켜 채권자의 담보권 실행이나 이를 통한 채권실현에 위험을 초래하는 경우 배임죄가 성립하는지 여부  위와 같은 법리는 금전채무를 담보하기 위하여 ‘공장 및 광업재단 저당법’에 따라 저당권이 설정된 동산을 채무자가 제3자에게 임의로 처분한 사안에도 마찬가지로 적용되는지 여부동산 매매계약에서 매도인이 매수인에 대하여 그의 사무를 처리하는 지위에 있는지 여부 및 이때 매도인이 목적물을 타에 처분한 경우 형법상 배임죄가 성립하는지 여부  권리이전에 등기·등록을 요하는 동산에 대한 매매계약에서 자동차 등의 매도인이 매수인에 대하여 그의 사무를 처리하는 지위에 있는지 여부 및 이때 매도인이 매수인에게 소유권이전등록을 하지 아니하고 타에 처분한 경우 배임죄가 성립하는지 여부,특정경제범죄가중처벌등에관한법률위반(사기)·사기·사문서위조·위조사문서행사·도로교통법위반·횡령·업무상배임·배임·근로기준법위반·근로자퇴직급여보장법위반·권리행사방해·조세범처벌법위반,대법원,2020.10.22.,2020도6258
민법 의 사용관계가 인정되기 위한 요건  타인에게 위탁하여 계속적으로 사무를 처리하여 왔고 객관적으로 타인의 행위가 위탁자의 지휘·감독 범위 내에 속하는 경우 그 타인은 민법 에서 정한 피용자에 해당하는지 여부  민법 의 사용관계에서 실질적 지휘·감독 관계가 있는지를 결정하는 기준갑이 중개보조인 을 및 그의 남편인 공인중개사 병의 중개로 오피스텔을 구입한 다음 월 임료 등 수익을 얻을 목적으로 위 오피스텔에 관한 ‘월 임료 있는 임대차계약’을 체결하면서 을 등으로 하여금 갑 명의로 임대차계약서를 작성하게 하고 임대차가 종료한 때에도 직접 임대차보증금을 반환하지 않고 을 등의 주도로 새로운 임차인이 전 임차인에게 보증금을 직접 지급하는 방법으로 반환하여 왔으며 월 임료의 수령도 을 등이 자신들의 계좌로 송금받아 다시 갑에게 송금하는 형태를 용인하고 임대인의 수선의무 역시 을 등으로 하여금 이를 이행하도록 하여 왔는데 위 오피스텔에 관한 종전 임대차계약 종료 후 을 등이 갑 몰래 전세계약 체결 권한이 있는 것처럼 새로운 임차인 정을 기망하여 그와 전세계약을 체결한 다음 보증금을 을의 계좌로 송금받아 편취하는 불법행위를 저지르자 정이 갑을 상대로 사용자책임을 구한 사안에서 갑은 을 등의 불법행위에 대해 민법 의 사용자책임을 부담한다고 한 사례,임대차보증금반환등,대법원,2022.2.11.,2021다283834
‘불이익변경의 금지’에 관한 형사소송법  의 취지  피고인만이 상소한 사건에서 상소심이 원심법원이 인정한 범죄사실의 일부를 무죄로 인정하면서도 피고인에 대하여 원심법원과 동일한 형을 선고한 것이 불이익변경금지 원칙에 위배되는지 여부피고인만의 상고에 의한 상고심에서 원심판결을 파기하고 사건을 항소심에 환송한 경우 불이익변경금지 원칙상 환송 후 원심법원은 파기된 환송 전 원심판결보다 중한 형을 선고할 수 없는지 여부,사기,대법원,2021.5.6.,2021도1282
검사가 공소장변경허가신청서를 제출하지 않고 공소사실에 대한 검사의 의견을 기재한 서면을 제출한 경우 이를 곧바로 공소장변경허가신청서를 제출한 것으로 볼 수 있는지 여부공소장의 기재가 불분명한 경우 법원이 취할 조치경합범 관계에 있는 공소사실 중 판결주문이 수 개일 때 피고인과 검사가 일부에 대하여만 상소한 경우 상소심에서 이를 파기할 때의 파기 범위  경합범 관계에 있는 공소사실 중 일부 유죄 일부 무죄를 선고하여 판결주문이 수 개일 때 검사가 판결 전부에 대하여 상소한 경우 상소심에서 이를 파기할 때 유죄 부분과 파기되는 무죄 부분을 함께 파기하여야 하는지 여부 및 이때 경합범 관계에 있는 공소사실이라도 개별적으로 파기되는 부분과 불가분의 관계에 있는 부분만을 파기하여야 하는 경우학부모들 및 대한민국에 대한 사기로 기소된 피고인에 대하여 제1심법원이 피해자 대한민국에 대한 사기 부분에 대하여 무죄를 선고하고 피해자 학부모들에 대한 사기 부분에 대하여 공소를 기각하자 검사가 제1심판결 전부에 대하여 항소를 제기한 사안에서 제1심판결 중 공소기각 부분을 파기하는 이상 제1심판결 중 무죄 부분도 함께 파기하여야 한다고 본 원심판단에 법리오해의 잘못이 있다고 한 사례,사기,대법원,2022.1.13.,2021도13108
마약류 관리에 관한 법률   에 의하여 허용되는 마약류의 ‘취급’과 취급이 허용되는 대상  마약류취급의료업자로부터 위 법에 따라 자신에 대한 투약 용도로 제공받아 소지하게 된 마약류를 자신이 아닌 다른 사람 등에게 투약하거나 다른 사람 등의 투약을 위하여 제공하는 행위가  에 의하여 금지된 것으로서   의 처벌대상에 해당하는지 여부,강간치상·마약류관리에관한법률위반(향정)·성폭력범죄의처벌등에관한특례법위반(카메라등이용촬영)·강제추행·특정경제범죄가중처벌등에관한법률위반(사기)·사기·공문서위조·위조공문서행사·부착명령,대법원,2022.3.17.,2021도16232
약사법  에 따라 금지되는 약국 개설행위의 의미  약사 등이 아닌 사람이 종전 개설자의 약국 개설ㆍ운영행위와 단절되는 새로운 개설ㆍ운영행위를 한 것으로 볼 수 있는 경우에도 약사법에서 금지하는 약국 개설행위에 해당하는지 여부,특정경제범죄가중처벌등에관한법률위반(사기)(일부인정된죄명:사기)ㆍ사기ㆍ마약류관리에관한법률위반(향정)ㆍ약사법위반,대법원,2021.7.29.,2021도6092
기망행위에 의하여 국가적 또는 공공적 법익을 침해한 경우 형법상 사기죄가 성립하기 위한 요건  기망행위에 의하여 조세를 포탈하거나 조세의 환급·공제를 받은 경우 형법상 사기죄가 성립하는지 여부,특정경제범죄가중처벌등에관한법률위반(사기)(예비적죄명:조세범처벌법위반)·사기미수·사문서위조·위조사문서행사·전자금융거래법위반·사기(예비적죄명:조세범처벌법위반)·사기방조(예비적죄명:조세범처벌법위반방조),대법원,2021.11.11.,2021도7831
소송사기를 인정할 때 유의할 사항  소송사기가 성립하기 위한 요건갑은 을에 대한 손해배상채권에 기하여 피고인을 상대로 ‘피고인이 을로부터 부동산을 매수한 것은 사해행위에 해당한다.’는 이유로 사해행위취소소송을 제기하여 제1심에서 승소판결을 받고 피고인은 이에 대해 추완항소를 제기하였는데 피고인은 선행 사해행위취소소송을 제기한 채권자 병과의 사이에 성립한 조정 결과에 따른 가액배상금의 변제를 완료하였으므로 이를 사해행위 대상 부동산의 담보가치에서 공제하여야 한다고 주장하며 해당 금융거래내역을 증거로 제출하였으나 사실은 미리 병으로부터 송금받은 금원을 거의 그대로 재송금한 거래내역에 불과하여 실제 채무변제가 완료되지는 않았고 피고인의 항소는 기각된 사안에서 피고인이 허위 주장 및 증거 제출의 고의로 사기죄의 실행에 착수하였다고 본 원심판단에 소송사기에 관한 법리오해의 잘못이 있다고 한 사례,사기미수,대법원,2022.5.26.,2022도1227
형법상 ‘절취’의 의미 및 사기죄에서 처분행위가 갖는 역할과 기능  피기망자의 의사에 기초한 어떤 행위를 통해 행위자 등이 재물 또는 재산상의 이익을 취득하였다고 평가할 수 있는 경우 사기죄에서 말하는 처분행위가 인정되는지 여부  피기망자와 재산상의 피해자가 같은 사람이 아닌 경우에 사기죄가 성립하려면 피기망자가 피해자를 위하여 그 재산을 처분할 수 있는 권능을 갖거나 그 지위에 있어야 하는지 여부피해자 갑은 드라이버를 구매하기 위해 특정 매장에 방문하였다가 지갑을 떨어뜨렸는데 10분쯤 후 피고인이 같은 매장에서 우산을 구매하고 계산을 마친 뒤 지갑을 발견하여 습득한 매장 주인 을로부터 “이 지갑이 선생님 지갑이 맞느냐?”라는 질문을 받자 “내 것이 맞다.”라고 대답한 후 이를 교부받아 가지고 간 사안에서 을의 행위는 사기죄에서 말하는 처분행위에 해당하고 피고인의 행위를 절취행위로 평가할 수 없다고 한 사례,절도(인정된죄명:사기),대법원,2022.12.29.,2022도12494
항소심에서 피고인이 불출석한 상태에서 그 진술 없이 판결하기 위해서는 피고인이 적법한 공판기일 통지를 받고서도 2회 연속으로 정당한 이유 없이 출정하지 않은 경우에 해당하여야 하는지 여부  이때 ‘적법한 공판기일 통지’에 공판기일 변경명령을 송달받은 경우도 포함되는지 여부,사기,대법원,2022.11.10.,2022도7940
형법  단서에 근거하여 몰수를 선고하기 위해서는 몰수의 요건이 공소가 제기된 공소사실과 관련되어 있어야 하는지 여부 및 공소가 제기되지 않은 별개의 범죄사실을 법원이 인정하여 그에 관하여 몰수나 추징을 선고할 수 있는지 여부부패재산의 몰수 및 회복에 관한 특례법      에서 정한 몰수·추징의 원인이 되는 범죄사실은 공소제기된 범죄사실에 한정되고 ‘범죄피해재산’은 그 공소제기된 범죄사실 피해자로부터 취득한 재산 또는 그 재산의 보유·처분에 의하여 얻은 재산에 한정되며 그 피해자의 피해회복이 심히 곤란하다고 인정되는 경우에만 몰수·추징이 허용되는지 여부,사기,대법원,2022.11.17.,2022도8662
유사수신행위를 금지·처벌하는 유사수신행위의 규제에 관한 법률    위반죄가 사기죄와 별개의 범죄인지 여부  유사수신행위를 한 자가 출자자에게 별도의 기망행위를 하여 유사수신행위로 조달받은 자금의 전부 또는 일부를 다시 투자받는 행위가 유사수신행위의 규제에 관한 법률 위반죄의 불가벌적 사후행위에 해당하는지 여부 및 별죄인 사기죄를 구성하는지 여부,특정경제범죄가중처벌등에관한법률위반(사기)·사기,대법원,2023.11.16.,2023도12424
다수의 피해자에 대하여 각각 기망행위를 하여 각 피해자로부터 재물을 편취한 경우 범의가 단일하고 범행방법이 동일하더라도 피해자별로 독립한 사기죄가 성립하는지 여부 및 이때 피해자들의 피해법익이 동일하다고 볼 수 있는 사정이 있는 경우 이들에 대한 사기죄를 포괄일죄로 볼 수 있는지 여부피고인이 부부인 피해자 갑과 을에게 ‘토지를 매수하여 분필한 후 이를 분양해서 원금 및 수익금을 지급하겠다.’면서 기망한 후 이에 속아 피고인에게 투자하기 위해 공동재산인 건물을 매도하여 돈을 마련한 피해자들로부터 피해자 갑 명의 예금계좌에서 1억 원 피해자 을 명의 예금계좌에서 4억 7500만 원 합계 5억 7500만 원을 송금받아 이를 편취하였다는 이유로 특정경제범죄 가중처벌 등에 관한 법률 위반죄로 기소된 사안에서 피해자들에 대한 사기죄의 피해법익이 동일하다고 평가될 수 있어 이들에 대한 사기죄가 포괄일죄를 구성한다고 한 사례,사기,대법원,2023.12.21.,2023도13514
